-- MySQL dump 10.13  Distrib 8.0.32, for Linux (x86_64)
--
-- Host: localhost    Database: my_stocks_db
-- ------------------------------------------------------
-- Server version	8.0.30

/*!40101 SET @OLD_CHARACTER_SET_CLIENT=@@CHARACTER_SET_CLIENT */;
/*!40101 SET @OLD_CHARACTER_SET_RESULTS=@@CHARACTER_SET_RESULTS */;
/*!40101 SET @OLD_COLLATION_CONNECTION=@@COLLATION_CONNECTION */;
/*!50503 SET NAMES utf8 */;
/*!40103 SET @OLD_TIME_ZONE=@@TIME_ZONE */;
/*!40103 SET TIME_ZONE='+00:00' */;
/*!40014 SET @OLD_UNIQUE_CHECKS=@@UNIQUE_CHECKS, UNIQUE_CHECKS=0 */;
/*!40014 SET @OLD_FOREIGN_KEY_CHECKS=@@FOREIGN_KEY_CHECKS, FOREIGN_KEY_CHECKS=0 */;
/*!40101 SET @OLD_SQL_MODE=@@SQL_MODE, SQL_MODE='NO_AUTO_VALUE_ON_ZERO' */;
/*!40111 SET @OLD_SQL_NOTES=@@SQL_NOTES, SQL_NOTES=0 */;

--
-- Table structure for table `broker`
--

DROP TABLE IF EXISTS `broker`;
/*!40101 SET @saved_cs_client     = @@character_set_client */;
/*!50503 SET character_set_client = utf8mb4 */;
CREATE TABLE `broker` (
  `id` int NOT NULL AUTO_INCREMENT,
  `broker_short_name` varchar(50) COLLATE utf8mb4_unicode_ci NOT NULL,
  `broker_name` varchar(200) COLLATE utf8mb4_unicode_ci NOT NULL,
  `broker_cnpj` varchar(18) COLLATE utf8mb4_unicode_ci NOT NULL,
  PRIMARY KEY (`id`),
  UNIQUE KEY `broker_short_name_UNIQUE` (`broker_short_name`)
) ENGINE=InnoDB AUTO_INCREMENT=3 DEFAULT CHARSET=utf8mb4 COLLATE=utf8mb4_unicode_ci;
/*!40101 SET character_set_client = @saved_cs_client */;

--
-- Dumping data for table `broker`
--

LOCK TABLES `broker` WRITE;
/*!40000 ALTER TABLE `broker` DISABLE KEYS */;
INSERT INTO `broker` VALUES (1,'CLEAR','XP INVESTIMENTOS CCTVM S/A','02.332.886/0001-04'),(2,'RICO','XP INVESTIMENTOS CCTVM S/A','02.332.886/0001-04');
/*!40000 ALTER TABLE `broker` ENABLE KEYS */;
UNLOCK TABLES;

--
-- Table structure for table `broker_invoice`
--

DROP TABLE IF EXISTS `broker_invoice`;
/*!40101 SET @saved_cs_client     = @@character_set_client */;
/*!50503 SET character_set_client = utf8mb4 */;
CREATE TABLE `broker_invoice` (
  `id` int NOT NULL AUTO_INCREMENT,
  `invoice_number` int NOT NULL,
  `invoice_date` date DEFAULT NULL,
  `total_sold` decimal(10,2) DEFAULT '0.00',
  `total_bought` decimal(10,2) DEFAULT '0.00',
  `total_liquidation_tax` decimal(10,2) DEFAULT '0.00',
  `total_fees` decimal(10,2) DEFAULT '0.00',
  `total_tax` decimal(10,2) DEFAULT '0.00',
  `total_brokerage` decimal(10,2) DEFAULT '0.00',
  `broker_id` int NOT NULL,
  PRIMARY KEY (`id`),
  KEY `fk_broker_invoice_broker1_idx` (`broker_id`),
  CONSTRAINT `fk_broker_invoice_broker1` FOREIGN KEY (`broker_id`) REFERENCES `broker` (`id`)
) ENGINE=InnoDB AUTO_INCREMENT=234 DEFAULT CHARSET=utf8mb4 COLLATE=utf8mb4_unicode_ci;
/*!40101 SET character_set_client = @saved_cs_client */;

--
-- Dumping data for table `broker_invoice`
--

LOCK TABLES `broker_invoice` WRITE;
/*!40000 ALTER TABLE `broker_invoice` DISABLE KEYS */;
INSERT INTO `broker_invoice` VALUES (1,1116958,'2019-06-13',0.00,49.56,0.01,0.00,0.00,0.00,2),(2,1148028,'2019-06-18',49.56,0.00,0.01,0.00,0.00,0.00,2),(3,1464649,'2019-07-25',0.00,4.23,0.00,0.00,0.00,0.00,2),(4,2888676,'2019-06-27',0.00,34.41,0.00,0.00,0.00,0.00,1),(5,2954752,'2019-07-01',0.00,32.61,0.00,0.00,0.00,0.00,1),(6,3080984,'2019-07-04',34.38,76.79,0.03,0.00,0.00,0.00,1),(7,3367108,'2019-07-15',54.00,54.84,0.02,0.00,0.00,0.00,1),(8,3451542,'2019-07-17',0.00,99.43,0.02,0.00,0.00,0.00,1),(9,3529199,'2019-07-19',2.84,0.00,0.00,0.00,0.00,0.00,1),(10,3567303,'2019-07-22',3.52,6.98,0.00,0.00,0.00,0.00,1),(11,3602996,'2019-07-23',0.00,199.71,0.05,0.00,0.00,0.00,1),(12,3678986,'2019-07-25',25.46,26.04,0.01,0.00,0.00,0.00,1),(13,3989952,'2019-08-05',29.80,28.77,0.01,0.00,0.00,0.00,1),(14,4393903,'2019-08-15',0.00,42.53,0.01,0.00,0.00,0.00,1),(15,4448127,'2019-08-16',55.33,55.29,0.03,0.00,0.00,0.00,1),(16,4539852,'2019-08-20',0.00,18.79,0.00,0.00,0.00,0.00,1),(17,4583682,'2019-08-21',0.00,48.66,0.01,0.00,0.00,0.00,1),(18,4626855,'2019-08-22',62.67,60.35,0.03,0.00,0.00,0.00,1),(19,4674670,'2019-08-23',0.00,4.17,0.00,0.00,0.00,0.00,1),(20,4841141,'2019-08-29',0.00,1.00,0.00,0.00,0.00,0.00,1),(21,4885021,'2019-08-30',1.05,0.00,0.00,0.00,0.00,0.00,1),(22,5071052,'2019-09-05',0.00,1.18,0.00,0.00,0.00,0.00,1),(23,5213110,'2019-09-10',1.28,0.00,0.00,0.00,0.00,0.00,1),(24,5263460,'2019-09-11',0.00,1.20,0.00,0.00,0.00,0.00,1),(25,5355944,'2019-09-13',0.00,11.27,0.00,0.00,0.00,0.00,1),(26,5540948,'2019-09-19',44.46,0.00,0.01,0.00,0.00,0.00,1),(27,5588048,'2019-09-20',0.00,121.37,0.00,0.03,0.00,0.00,1),(28,5630880,'2019-09-23',89.00,0.00,0.02,0.00,0.00,0.00,1),(29,5672068,'2019-09-24',0.00,4.27,0.00,0.00,0.00,0.00,1),(30,5803222,'2019-09-27',0.00,82.60,0.02,0.00,0.00,0.00,1),(31,5841978,'2019-09-30',85.00,0.00,0.02,0.00,0.00,0.00,1),(32,5883804,'2019-10-01',115.83,191.31,0.08,0.01,0.00,0.00,1),(33,5936438,'2019-10-02',0.00,12.21,0.00,0.00,0.00,0.00,1),(34,6250096,'2019-10-11',241.77,0.00,0.06,0.00,0.00,0.00,1),(35,6338037,'2019-10-15',0.00,242.21,0.06,0.00,0.00,0.00,1),(36,6385077,'2019-10-16',243.80,237.30,0.13,0.01,0.00,0.00,1),(37,6429562,'2019-10-17',0.00,4.48,0.00,0.00,0.00,0.00,1),(38,6475382,'2019-10-18',22.99,0.00,0.00,0.00,0.00,0.00,1),(39,6515946,'2019-10-21',237.86,261.31,0.13,0.02,0.00,0.00,1),(40,6559935,'2019-10-22',268.40,267.02,0.14,0.02,0.00,0.00,1),(41,6710321,'2019-10-25',266.74,8.76,0.07,0.01,0.00,0.00,1),(42,6759313,'2019-10-28',0.00,258.00,0.07,0.01,0.00,0.00,1),(43,6804225,'2019-10-29',220.50,0.00,0.06,0.00,0.00,0.00,1),(44,6850197,'2019-10-30',52.92,273.06,0.08,0.01,0.00,0.00,1),(45,6945071,'2019-11-01',280.83,0.00,0.07,0.01,0.00,0.00,1),(46,6999914,'2019-11-04',96.00,372.87,0.12,0.01,0.00,0.00,1),(47,7059028,'2019-11-05',0.00,7.42,0.00,0.00,0.00,0.00,1),(48,7384512,'2019-11-13',0.00,499.50,0.13,0.02,0.00,0.00,1),(49,7631152,'2019-11-22',7.80,0.00,0.00,0.00,0.00,0.00,1),(50,7682502,'2019-11-25',0.00,9.70,0.00,0.00,0.00,0.00,1),(51,8457802,'2019-12-13',9.90,0.00,0.00,0.00,0.00,0.00,1),(52,8527770,'2019-12-16',883.84,893.26,0.48,0.06,0.00,0.00,1),(53,8593245,'2019-12-17',893.85,889.12,0.49,0.06,0.00,0.00,1),(54,8653078,'2019-12-18',0.00,214.72,0.05,0.00,0.00,0.00,1),(55,8714059,'2019-12-19',896.80,894.33,0.49,0.06,0.00,0.00,1),(56,8773586,'2019-12-20',11.80,13.20,0.00,0.00,0.00,0.00,1),(57,8831397,'2019-12-23',240.45,0.00,0.06,0.00,0.00,0.00,1),(58,8888231,'2019-12-26',0.00,236.52,0.06,0.00,0.00,0.00,1),(59,224454,'2020-01-07',243.96,249.92,0.13,0.01,0.00,0.00,1),(60,294290,'2020-01-08',3.42,0.00,0.00,0.00,0.00,0.00,1),(61,366555,'2020-01-09',546.50,548.28,0.30,0.04,0.00,0.00,1),(62,434730,'2020-01-10',0.00,68.52,0.01,0.00,0.00,0.00,1),(63,501667,'2020-01-13',247.08,247.00,0.13,0.01,0.00,0.00,1),(64,572469,'2020-01-14',765.60,763.24,0.42,0.05,0.00,0.00,1),(65,645599,'2020-01-15',554.28,555.35,0.30,0.04,0.00,0.00,1),(66,720529,'2020-01-16',216.00,218.69,0.11,0.01,0.00,0.00,1),(67,794578,'2020-01-17',218.40,216.93,0.11,0.01,0.00,0.00,1),(68,939615,'2020-01-21',73.59,74.88,0.04,0.00,0.00,0.00,1),(69,1022315,'2020-01-22',2.06,0.00,0.00,0.00,0.00,0.00,1),(70,1169243,'2020-01-24',0.00,2.14,0.00,0.00,0.00,0.00,1),(71,1517310,'2020-01-31',0.00,1195.29,0.32,0.04,0.00,0.00,1),(72,1579030,'2020-02-03',266.00,199.81,0.12,0.01,0.00,0.00,1),(73,1643313,'2020-02-04',158.26,203.12,0.09,0.01,0.00,0.00,1),(74,1707297,'2020-02-05',106.94,95.74,0.05,0.00,0.00,0.00,1),(75,1773567,'2020-02-06',0.00,32.58,0.00,0.00,0.00,0.00,1),(76,1843679,'2020-02-07',214.90,210.73,0.11,0.01,0.00,0.00,1),(77,1913608,'2020-02-10',268.44,175.86,0.12,0.01,0.00,0.00,1),(78,2041507,'2020-02-12',545.62,538.10,0.29,0.04,0.00,0.00,1),(79,2103129,'2020-02-13',0.00,115.40,0.03,0.00,0.00,0.00,1),(80,2230930,'2020-02-17',10.20,12.60,0.00,0.00,0.00,0.00,1),(81,2365195,'2020-02-19',33.28,32.16,0.01,0.00,0.00,0.00,1),(82,2568180,'2020-02-26',241.00,0.00,0.06,0.00,0.00,0.00,1),(83,2643322,'2020-02-27',0.00,243.08,0.06,0.00,0.00,0.00,1),(84,3208017,'2020-03-09',0.00,0.81,0.00,0.00,0.00,0.00,1),(85,3208017,'2020-03-10',0.85,1039.45,0.28,0.03,0.00,0.00,1),(86,3720893,'2020-03-16',0.00,3.17,0.00,0.00,0.00,0.00,1),(87,5242952,'2020-04-13',0.00,257.55,0.07,0.00,0.00,0.00,1),(88,5315271,'2020-04-14',0.00,0.52,0.00,0.00,0.00,0.00,1),(89,6055979,'2020-04-27',0.38,0.00,0.00,0.00,0.00,0.00,1),(90,6137053,'2020-04-28',713.15,714.71,0.39,0.04,0.00,0.00,1),(91,6905677,'2020-05-11',0.20,0.00,0.00,0.00,0.00,0.00,1),(92,7529200,'2020-05-20',0.00,4.16,0.00,0.00,0.00,0.00,1),(93,7801420,'2020-05-25',547.20,546.84,0.30,0.03,0.00,0.00,1),(94,8131524,'2020-05-28',590.94,0.00,0.16,0.01,0.00,0.00,1),(95,8240858,'2020-05-29',590.80,0.00,0.16,0.04,0.00,0.00,1),(96,8471416,'2020-06-02',1735.60,1734.19,0.95,0.11,0.00,0.00,1),(97,8614795,'2020-06-03',8.92,0.00,0.00,0.00,0.00,0.00,1),(98,8767601,'2020-06-04',3668.30,3676.51,2.01,0.24,0.00,0.00,1),(99,8901763,'2020-06-05',14.50,12.60,0.00,0.00,0.00,0.00,1),(100,9051655,'2020-06-08',1154.00,1153.77,0.63,0.07,0.00,0.00,1),(101,9195614,'2020-06-09',100.00,100.08,0.05,0.00,0.00,0.00,1),(102,9289905,'2020-06-10',1988.40,1987.49,1.09,0.13,0.00,0.00,1),(103,10070592,'2020-06-19',81.60,82.64,0.04,0.00,0.00,0.00,1),(104,10189602,'2020-06-22',0.00,1.98,0.00,0.00,0.00,0.00,1),(105,10440109,'2020-06-24',1164.48,1164.00,0.64,0.07,0.00,0.00,1),(106,10850387,'2020-06-30',718.41,718.00,0.39,0.04,0.00,0.00,1),(107,10958835,'2020-07-01',911.28,717.00,0.44,0.05,0.00,0.00,1),(108,11077463,'2020-07-02',0.00,190.00,0.05,0.00,0.00,0.00,1),(109,11202426,'2020-07-03',251.00,249.00,0.13,0.01,0.00,0.00,1),(110,11306715,'2020-07-06',627.08,628.91,0.34,0.03,0.00,0.00,1),(111,11443579,'2020-07-07',634.39,631.81,0.34,0.03,0.00,0.00,1),(112,11570969,'2020-07-08',504.00,7.78,0.14,0.01,0.00,0.00,1),(113,11693241,'2020-07-09',8.34,507.65,0.14,0.01,0.00,0.00,1),(114,11947661,'2020-07-13',987.06,0.00,0.27,0.03,0.00,0.00,1),(115,12099391,'2020-07-14',0.00,993.80,0.27,0.06,0.00,0.00,1),(116,12227356,'2020-07-15',84.35,0.00,0.02,0.00,0.00,0.00,1),(117,12356139,'2020-07-16',1893.20,1975.82,1.06,0.11,0.09,0.00,1),(118,12621995,'2020-07-20',974.30,971.28,0.53,0.06,0.00,0.00,1),(119,12776664,'2020-07-21',0.00,4.90,0.00,0.00,0.00,0.00,1),(120,13366834,'2020-07-27',173.64,166.60,0.09,0.01,0.00,0.00,1),(121,13498559,'2020-07-28',4.54,539.80,0.14,0.01,0.00,0.00,1),(122,14688381,'2020-08-10',0.00,16.74,0.00,0.00,0.00,0.00,1),(123,14805469,'2020-08-11',9.80,13.20,0.00,0.00,0.00,0.00,1),(124,15856144,'2020-08-24',0.00,1.70,0.00,0.00,0.00,0.00,1),(125,16294367,'2020-08-28',0.00,17.10,0.00,0.00,0.00,0.00,1),(126,17114310,'2020-09-09',0.00,15.20,0.00,0.00,0.00,0.00,1),(127,17563566,'2020-09-15',0.00,1.85,0.00,0.00,0.00,0.00,1),(128,19227289,'2020-10-09',0.00,16.16,0.00,0.00,0.00,0.00,1),(129,19435988,'2020-10-14',6.36,6.68,0.00,0.00,0.00,0.00,1),(130,19561532,'2020-10-15',0.00,2.15,0.00,0.00,0.00,0.00,1),(131,19670055,'2020-10-16',2.34,1.62,0.00,0.00,0.00,0.00,1),(132,19772485,'2020-10-19',0.00,14.46,0.00,0.00,0.00,0.00,1),(133,19973503,'2020-10-21',1.42,0.00,0.00,0.00,0.00,0.00,1),(134,20278063,'2020-10-26',125.01,122.74,0.06,0.00,0.00,0.00,1),(135,20476702,'2020-10-28',0.00,3.82,0.00,0.00,0.00,0.00,1),(136,21055298,'2020-11-06',4.00,0.00,0.00,0.00,0.00,0.00,1),(137,21292337,'2020-11-10',0.00,15.40,0.00,0.00,0.00,0.00,1),(138,22049696,'2020-11-19',0.00,3.73,0.00,0.00,0.00,0.00,1),(139,22142565,'2020-11-20',3.97,0.00,0.00,0.00,0.00,0.00,1),(140,22333352,'2020-11-24',0.00,5.95,0.00,0.00,0.00,0.00,1),(141,22561577,'2020-11-26',624.00,621.49,0.34,0.04,0.00,0.00,1),(142,22667614,'2020-11-27',0.00,2.20,0.00,0.00,0.00,0.00,1),(143,23117855,'2020-12-03',2.24,0.00,0.00,0.00,0.00,0.00,1),(144,23236041,'2020-12-04',6.65,0.00,0.00,0.00,0.00,0.00,1),(145,23340591,'2020-12-07',0.00,8.52,0.00,0.00,0.00,0.00,1),(146,23461167,'2020-12-08',0.00,15.30,0.00,0.00,0.00,0.00,1),(147,23782937,'2020-12-11',333.15,337.37,0.18,0.02,0.00,0.00,1),(148,24421996,'2020-12-21',24.85,26.40,0.01,0.00,0.00,0.00,1),(149,24624026,'2020-12-23',26.96,28.08,0.01,0.00,0.00,0.00,1),(150,24706787,'2020-12-28',35.34,0.00,0.00,0.00,0.00,0.00,1),(151,24799210,'2020-12-29',0.00,20.06,0.00,0.00,0.00,0.00,1),(152,24881514,'2020-12-30',20.47,35.19,0.01,0.00,0.00,0.00,1),(153,6513976,'2021-04-08',0.00,252.50,0.06,0.01,0.00,0.00,1),(154,6695988,'2021-04-12',0.00,64.90,0.01,0.00,0.00,0.00,1),(155,6884669,'2021-04-14',309.60,309.37,0.15,0.03,0.00,0.00,1),(156,7662442,'2021-04-27',0.00,62.66,0.01,0.00,0.00,0.00,1),(157,7949724,'2021-04-30',1231.60,1230.24,0.61,0.12,0.00,0.00,1),(158,8047667,'2021-05-03',0.00,40.37,0.01,0.00,0.00,0.00,1),(159,8516732,'2021-05-10',0.00,8.85,0.00,0.00,0.00,0.00,1),(160,9020521,'2021-05-17',0.00,7.90,0.00,0.00,0.00,0.00,1),(161,9570658,'2021-05-25',357.00,366.58,0.18,0.03,0.00,0.00,1),(162,9746644,'2021-05-27',0.00,85.17,0.02,0.00,0.00,0.00,1),(163,9947447,'2021-05-31',452.00,426.00,0.21,0.04,0.00,0.00,1),(164,10046914,'2021-06-01',63.96,99.24,0.04,0.00,0.00,0.00,1),(165,10167569,'2021-06-02',0.00,40.78,0.01,0.00,0.00,0.00,1),(166,10289975,'2021-06-04',2.80,0.00,0.00,0.00,0.00,0.00,1),(167,10513392,'2021-06-08',0.00,12.22,0.00,0.00,0.00,0.00,1),(168,10715329,'2021-06-10',470.30,469.00,0.23,0.05,0.00,0.00,1),(169,10802917,'2021-06-11',422.73,395.22,0.20,0.04,0.00,0.00,1),(170,10888399,'2021-06-14',410.20,438.50,0.21,0.04,0.00,0.00,1),(171,11085861,'2021-06-16',61.56,0.00,0.01,0.00,0.00,0.00,1),(172,11183234,'2021-06-17',436.45,500.08,0.23,0.04,0.00,0.00,1),(173,11282149,'2021-06-18',513.52,512.60,0.25,0.05,0.00,0.00,1),(174,11376596,'2021-06-21',564.00,563.85,0.28,0.05,0.00,0.00,1),(175,15830,'2021-01-04',28.50,20.08,0.01,0.00,0.00,0.00,1),(176,130648,'2021-01-05',20.33,26.10,0.01,0.00,0.00,0.00,1),(177,365800,'2021-01-07',36.00,37.65,0.02,0.00,0.00,0.00,1),(178,488785,'2021-01-08',65.65,26.16,0.02,0.00,0.00,0.00,1),(179,604213,'2021-01-11',0.00,60.72,0.01,0.00,0.00,0.00,1),(180,820430,'2021-01-13',0.00,7.14,0.00,0.00,0.00,0.00,1),(181,926373,'2021-01-14',27.00,27.10,0.01,0.00,0.00,0.00,1),(182,2006495,'2021-01-29',0.00,6.36,0.00,0.00,0.00,0.00,1),(183,2104799,'2021-02-01',6.69,0.00,0.00,0.00,0.00,0.00,1),(184,2302369,'2021-02-03',61.00,6.99,0.01,0.00,0.00,0.00,1),(185,2397470,'2021-02-04',0.00,61.24,0.01,0.00,0.00,0.00,1),(186,2496318,'2021-02-05',14.46,12.46,0.00,0.00,0.00,0.00,1),(187,2597261,'2021-02-08',0.00,21.00,0.00,0.00,0.00,0.00,1),(188,2797631,'2021-02-10',0.00,2.10,0.00,0.00,0.00,0.00,1),(189,4529047,'2021-03-08',0.00,22.40,0.00,0.00,0.00,0.00,1),(190,4639458,'2021-03-09',0.00,1.80,0.00,0.00,0.00,0.00,1),(191,4823799,'2021-03-11',12.50,11.04,0.00,0.00,0.00,0.00,1),(192,12102040,'2021-07-01',0.00,47.20,0.01,0.00,0.00,0.00,1),(193,12520649,'2021-07-08',0.00,48.30,0.01,0.00,0.00,0.00,1),(194,13024795,'2021-07-19',0.00,108.00,0.02,0.00,0.00,0.00,1),(195,13190418,'2021-07-21',0.00,3.90,0.00,0.00,0.00,0.00,1),(196,13265950,'2021-07-22',0.00,37.21,0.00,0.00,0.00,0.00,1),(197,13617668,'2021-07-29',0.00,49.54,0.01,0.00,0.00,0.00,1),(198,14121850,'2021-08-09',0.00,10.05,0.00,0.00,0.00,0.00,1),(199,14672563,'2021-08-18',0.00,2.02,0.00,0.00,0.00,0.00,1),(200,15574805,'2021-09-06',1690.25,1688.61,0.84,0.16,0.00,0.00,1),(201,15632024,'2021-09-08',1710.17,1718.64,0.85,0.17,0.00,0.00,1),(202,15794849,'2021-09-10',1316.11,0.00,0.32,0.06,0.00,0.00,1),(203,15859945,'2021-09-13',3708.40,0.00,0.92,0.18,0.00,0.00,1),(204,16286144,'2021-09-21',0.00,24.39,0.00,0.00,0.00,0.00,1),(205,19004818,'2021-11-25',0.00,49.80,0.01,0.00,0.00,0.00,1),(206,20171007,'2021-12-27',0.00,4.62,0.00,0.00,0.00,0.00,1),(207,296686,'2022-01-10',0.00,146.57,0.03,0.00,0.00,0.00,1),(208,1086999,'2022-01-28',0.00,91.00,0.02,0.00,0.00,0.00,1),(209,1145967,'2022-01-31',0.00,13.95,0.00,0.00,0.00,0.00,1),(210,3249247,'2022-03-24',150.70,151.20,0.08,0.02,0.00,0.00,1),(211,3414846,'2022-03-29',165.60,161.00,0.08,0.02,0.00,0.00,1),(212,3471802,'2022-03-30',162.75,168.30,0.08,0.02,0.00,0.00,1),(213,3522724,'2022-03-31',171.02,172.20,0.09,0.02,0.00,0.00,1),(214,3576728,'2022-04-01',70.50,67.41,0.03,0.01,0.00,0.00,1),(215,3634450,'2022-04-04',69.75,0.00,0.01,0.00,0.00,0.00,1),(216,3691989,'2022-04-05',0.00,66.50,0.01,0.00,0.00,0.00,1),(217,3748529,'2022-04-06',0.00,3.80,0.00,0.00,0.00,0.00,1),(218,3801072,'2022-04-07',0.00,3.80,0.00,0.00,0.00,0.00,1),(219,4352714,'2022-04-26',0.00,6.18,0.00,0.00,0.00,0.00,1),(220,5296131,'2022-05-24',28.80,29.52,0.01,0.00,0.00,0.00,1),(221,5941392,'2022-06-13',0.00,5.30,0.00,0.00,0.00,0.00,1),(222,6704496,'2022-07-06',0.00,92.50,0.02,0.00,0.00,0.00,1),(223,6745489,'2022-07-07',0.00,9.74,0.00,0.00,0.00,0.00,1),(224,7101885,'2022-07-19',0.00,9.18,0.00,0.00,0.00,0.00,1),(225,8319913,'2022-08-24',0.00,26.67,0.00,0.00,0.00,0.00,1),(226,9733735,'2022-10-04',0.00,96.90,0.02,0.00,0.00,0.00,1),(227,10357626,'2022-10-24',0.00,2.98,0.00,0.00,0.00,0.00,1),(228,10748184,'2022-11-04',0.00,87.60,0.02,0.00,0.00,0.00,1),(229,11024172,'2022-11-11',0.00,16.10,0.00,0.00,0.00,0.00,1),(230,11764773,'2022-12-07',0.00,87.50,0.02,0.00,0.00,0.00,1),(231,11872413,'2022-12-12',0.00,9.07,0.00,0.00,0.00,0.00,1),(232,2574253,'2022-03-08',143.10,144.04,0.07,0.01,0.00,0.00,1),(233,2628258,'2022-03-09',136.00,136.63,0.07,0.01,0.00,0.00,1);
/*!40000 ALTER TABLE `broker_invoice` ENABLE KEYS */;
UNLOCK TABLES;

--
-- Table structure for table `finantial_movement`
--

DROP TABLE IF EXISTS `finantial_movement`;
/*!40101 SET @saved_cs_client     = @@character_set_client */;
/*!50503 SET character_set_client = utf8mb4 */;
CREATE TABLE `finantial_movement` (
  `id` int NOT NULL AUTO_INCREMENT,
  `movement_date` date NOT NULL,
  `finantial_movement_type_id` int NOT NULL,
  `quantity` int NOT NULL,
  `unit_price` decimal(10,2) NOT NULL DEFAULT '0.00',
  `cost` decimal(10,2) DEFAULT '0.00',
  `stock_id` int DEFAULT NULL,
  `broker_invoice_id` int DEFAULT NULL,
  `broker_id` int NOT NULL,
  PRIMARY KEY (`id`),
  KEY `fk_stock_transaction_stock1_idx` (`stock_id`),
  KEY `fk_stock_transaction_broker_invoice1_idx` (`broker_invoice_id`),
  KEY `fk_finantial_movement_finantial_movement_type1_idx` (`finantial_movement_type_id`),
  KEY `fk_finantial_movement_broker1_idx` (`broker_id`),
  CONSTRAINT `fk_finantial_movement_broker1` FOREIGN KEY (`broker_id`) REFERENCES `broker` (`id`),
  CONSTRAINT `fk_finantial_movement_finantial_movement_type1` FOREIGN KEY (`finantial_movement_type_id`) REFERENCES `finantial_movement_type` (`id`),
  CONSTRAINT `fk_stock_transaction_broker_invoice1` FOREIGN KEY (`broker_invoice_id`) REFERENCES `broker_invoice` (`id`),
  CONSTRAINT `fk_stock_transaction_stock1` FOREIGN KEY (`stock_id`) REFERENCES `stock` (`id`)
) ENGINE=InnoDB AUTO_INCREMENT=766 DEFAULT CHARSET=utf8mb4 COLLATE=utf8mb4_unicode_ci;
/*!40101 SET character_set_client = @saved_cs_client */;

--
-- Dumping data for table `finantial_movement`
--

LOCK TABLES `finantial_movement` WRITE;
/*!40000 ALTER TABLE `finantial_movement` DISABLE KEYS */;
INSERT INTO `finantial_movement` VALUES (1,'2019-06-13',6,14,3.54,0.01,2,1,2),(2,'2019-06-18',7,14,3.54,0.01,2,2,2),(3,'2019-06-27',1,1,35.32,0.00,NULL,NULL,1),(4,'2019-06-27',6,3,11.47,0.00,1,4,1),(5,'2019-07-01',6,1,3.61,0.00,2,5,1),(6,'2019-07-01',6,1,29.00,0.00,3,5,1),(7,'2019-07-01',1,1,35.00,0.00,NULL,NULL,1),(8,'2019-07-04',6,1,29.60,0.01,3,6,1),(9,'2019-07-04',1,1,40.00,0.00,NULL,NULL,1),(10,'2019-07-04',6,3,3.63,0.00,2,6,1),(11,'2019-07-04',7,3,11.46,0.01,1,6,1),(12,'2019-07-04',6,10,3.63,0.01,2,6,1),(13,'2019-07-15',6,1,1.54,0.01,4,7,1),(14,'2019-07-15',6,2,3.69,0.00,2,7,1),(15,'2019-07-15',7,2,27.00,0.01,3,7,1),(16,'2019-07-15',6,2,12.73,0.00,7,7,1),(17,'2019-07-15',6,3,6.82,0.00,8,7,1),(18,'2019-07-17',6,1,90.95,0.02,5,8,1),(19,'2019-07-17',6,1,1.40,0.00,4,8,1),(20,'2019-07-17',6,1,7.08,0.00,8,8,1),(21,'2019-07-17',1,1,100.00,0.00,NULL,NULL,1),(22,'2019-07-19',7,2,1.42,0.00,4,9,1),(23,'2019-07-22',6,1,3.45,0.00,9,10,1),(24,'2019-07-22',6,1,3.53,0.00,10,10,1),(25,'2019-07-22',7,1,3.52,0.00,10,10,1),(26,'2019-07-23',6,1,3.98,0.00,2,11,1),(27,'2019-07-23',6,1,3.98,0.00,2,11,1),(28,'2019-07-23',6,1,21.98,0.01,12,11,1),(29,'2019-07-23',6,1,22.14,0.01,14,11,1),(30,'2019-07-23',6,1,23.47,0.00,15,11,1),(31,'2019-07-23',1,1,200.00,0.00,NULL,NULL,1),(32,'2019-07-23',6,2,14.90,0.01,11,11,1),(33,'2019-07-23',6,2,47.18,0.02,13,11,1),(34,'2019-07-25',6,1,4.23,0.00,2,3,2),(35,'2019-07-25',6,2,13.02,0.01,16,12,1),(36,'2019-07-25',7,2,12.73,0.00,7,12,1),(37,'2019-08-05',6,1,4.27,0.00,2,13,1),(38,'2019-08-05',6,2,12.25,0.00,16,13,1),(39,'2019-08-05',7,2,14.90,0.01,11,13,1),(40,'2019-08-15',6,1,4.19,0.00,2,14,1),(41,'2019-08-15',1,1,40.00,0.00,NULL,NULL,1),(42,'2019-08-15',6,3,12.78,0.01,16,14,1),(43,'2019-08-16',6,1,4.24,0.00,2,15,1),(44,'2019-08-16',6,1,12.55,0.00,16,15,1),(45,'2019-08-16',7,1,24.29,0.01,12,15,1),(46,'2019-08-16',7,1,3.89,0.00,9,15,1),(47,'2019-08-16',7,1,27.15,0.01,15,15,1),(48,'2019-08-16',6,2,19.25,0.01,17,15,1),(49,'2019-08-20',6,1,12.33,0.00,16,16,1),(50,'2019-08-20',6,1,6.46,0.00,8,16,1),(51,'2019-08-20',1,1,20.21,0.00,NULL,NULL,1),(52,'2019-08-21',6,1,4.28,0.00,2,17,1),(53,'2019-08-21',6,1,19.94,0.00,17,17,1),(54,'2019-08-21',1,1,48.52,0.00,NULL,NULL,1),(55,'2019-08-21',6,2,12.22,0.01,16,17,1),(56,'2019-08-22',7,3,20.89,0.02,17,18,1),(57,'2019-08-22',6,5,12.07,0.01,16,18,1),(58,'2019-08-23',6,1,4.17,0.00,2,19,1),(59,'2019-08-29',6,1,1.00,0.00,18,20,1),(60,'2019-08-30',7,1,1.05,0.00,18,21,1),(61,'2019-09-05',6,1,1.18,0.00,18,22,1),(62,'2019-09-10',7,1,1.28,0.00,18,23,1),(63,'2019-09-11',6,1,1.20,0.00,18,24,1),(64,'2019-09-13',6,1,4.18,0.00,2,25,1),(65,'2019-09-13',6,1,7.09,0.00,8,25,1),(66,'2019-09-13',1,1,10.00,0.00,NULL,NULL,1),(67,'2019-09-18',1,1,77.01,0.00,NULL,NULL,1),(68,'2019-09-19',7,6,7.41,0.01,8,26,1),(69,'2019-09-20',6,1,93.24,0.02,5,27,1),(70,'2019-09-20',6,1,4.27,0.01,2,27,1),(71,'2019-09-20',6,1,4.27,0.00,2,27,1),(72,'2019-09-20',6,1,13.17,0.00,16,27,1),(73,'2019-09-20',6,6,1.07,0.00,18,27,1),(74,'2019-09-23',7,2,44.50,0.02,13,28,1),(75,'2019-09-24',6,1,4.27,0.00,2,29,1),(76,'2019-09-27',6,20,4.13,0.02,9,30,1),(77,'2019-09-30',7,20,4.25,0.02,9,31,1),(78,'2019-10-01',6,1,89.96,0.03,5,32,1),(79,'2019-10-01',6,1,13.00,0.00,16,32,1),(80,'2019-10-01',6,1,0.95,0.00,18,32,1),(81,'2019-10-01',6,23,0.95,0.01,18,32,1),(82,'2019-10-01',7,27,4.29,0.03,2,32,1),(83,'2019-10-01',6,69,0.95,0.02,18,32,1),(84,'2019-10-02',6,3,4.07,0.00,9,33,1),(85,'2019-10-11',7,3,4.15,0.00,9,34,1),(86,'2019-10-11',7,4,12.74,0.02,16,34,1),(87,'2019-10-11',7,14,12.74,0.04,16,34,1),(88,'2019-10-15',6,53,4.57,0.06,9,35,1),(89,'2019-10-16',6,14,16.95,0.07,17,36,1),(90,'2019-10-16',7,53,4.60,0.07,9,36,1),(91,'2019-10-17',6,1,4.48,0.00,9,37,1),(92,'2019-10-18',7,1,4.27,0.00,9,38,1),(93,'2019-10-18',7,1,18.72,0.00,14,38,1),(94,'2019-10-21',6,1,4.27,0.00,9,39,1),(95,'2019-10-21',6,6,4.32,0.01,9,39,1),(96,'2019-10-21',7,14,16.99,0.07,17,39,1),(97,'2019-10-21',6,54,4.28,0.07,9,39,1),(98,'2019-10-22',6,2,93.07,0.06,6,40,1),(99,'2019-10-22',7,4,4.40,0.01,9,40,1),(100,'2019-10-22',6,6,13.48,0.02,16,40,1),(101,'2019-10-22',7,57,4.40,0.07,9,40,1),(102,'2019-10-25',7,1,13.79,0.00,16,41,1),(103,'2019-10-25',7,2,92.00,0.05,6,41,1),(104,'2019-10-25',6,2,4.38,0.00,9,41,1),(105,'2019-10-25',7,2,13.79,0.02,16,41,1),(106,'2019-10-25',7,3,13.79,0.01,16,41,1),(107,'2019-10-28',6,20,4.30,0.03,9,42,1),(108,'2019-10-28',6,40,4.30,0.05,9,42,1),(109,'2019-10-29',7,50,4.41,0.06,9,43,1),(110,'2019-10-30',7,2,4.41,0.00,9,44,1),(111,'2019-10-30',7,10,4.41,0.01,9,44,1),(112,'2019-10-30',6,15,7.38,0.04,8,44,1),(113,'2019-10-30',6,22,7.38,0.04,8,44,1),(114,'2019-11-01',7,13,7.59,0.03,8,45,1),(115,'2019-11-01',7,24,7.59,0.05,8,45,1),(116,'2019-11-04',6,27,13.81,0.10,16,46,1),(117,'2019-11-04',7,100,0.96,0.03,18,46,1),(118,'2019-11-05',6,1,7.42,0.00,8,47,1),(119,'2019-11-13',1,1,500.00,0.00,NULL,NULL,1),(120,'2019-11-13',6,37,13.50,0.15,16,48,1),(121,'2019-11-22',7,1,7.80,0.00,8,49,1),(122,'2019-11-25',6,10,0.97,0.00,18,50,1),(123,'2019-12-13',7,10,0.99,0.00,18,51,1),(124,'2019-12-16',7,1,13.81,0.00,16,52,1),(125,'2019-12-16',7,4,13.81,0.02,16,52,1),(126,'2019-12-16',6,13,15.14,0.06,19,52,1),(127,'2019-12-16',6,15,15.14,0.07,19,52,1),(128,'2019-12-16',7,20,13.81,0.08,16,52,1),(129,'2019-12-16',6,31,15.14,0.15,19,52,1),(130,'2019-12-16',7,39,13.81,0.16,16,52,1),(131,'2019-12-17',6,1,6.72,0.00,9,53,1),(132,'2019-12-17',6,26,11.03,0.09,8,53,1),(133,'2019-12-17',6,54,11.03,0.18,8,53,1),(134,'2019-12-17',7,59,15.15,0.28,19,53,1),(135,'2019-12-18',6,1,6.71,0.00,9,54,1),(136,'2019-12-18',1,1,210.00,0.00,NULL,NULL,1),(137,'2019-12-18',6,31,6.71,0.05,9,54,1),(138,'2019-12-19',6,1,11.63,0.00,20,55,1),(139,'2019-12-19',7,6,11.21,0.02,8,55,1),(140,'2019-12-19',6,19,21.10,0.12,21,55,1),(141,'2019-12-19',7,28,11.21,0.10,8,55,1),(142,'2019-12-19',6,30,16.06,0.15,19,55,1),(143,'2019-12-19',7,46,11.21,0.16,8,55,1),(144,'2019-12-20',7,1,11.80,0.00,20,56,1),(145,'2019-12-20',6,2,6.60,0.00,9,56,1),(146,'2019-12-23',7,35,6.87,0.06,9,57,1),(147,'2019-12-26',6,12,19.71,0.06,22,58,1),(148,'2020-01-02',4,1,1.28,0.00,16,NULL,1),(149,'2020-01-07',6,2,8.14,0.00,9,59,1),(150,'2020-01-07',6,2,1.68,0.00,24,59,1),(151,'2020-01-07',6,6,38.38,0.07,23,59,1),(152,'2020-01-07',7,12,20.33,0.07,22,59,1),(153,'2020-01-08',7,2,1.71,0.00,24,60,1),(154,'2020-01-09',7,2,8.20,0.01,9,61,1),(155,'2020-01-09',6,10,15.23,0.05,20,61,1),(156,'2020-01-09',6,10,15.23,0.05,20,61,1),(157,'2020-01-09',6,16,15.23,0.07,20,61,1),(158,'2020-01-09',7,30,17.67,0.16,19,61,1),(159,'2020-01-10',1,1,59.92,0.00,NULL,NULL,1),(160,'2020-01-10',3,1,6.38,0.00,19,NULL,1),(161,'2020-01-10',3,1,1.28,0.00,21,NULL,1),(162,'2020-01-10',6,3,3.44,0.00,24,62,1),(163,'2020-01-10',6,4,14.55,0.01,20,62,1),(164,'2020-01-13',7,3,4.72,0.00,24,63,1),(165,'2020-01-13',7,6,38.82,0.07,23,63,1),(166,'2020-01-13',6,100,2.47,0.07,25,63,1),(167,'2020-01-14',6,1,4.00,0.00,24,64,1),(168,'2020-01-14',6,10,8.49,0.03,9,64,1),(169,'2020-01-14',7,19,24.40,0.14,21,64,1),(170,'2020-01-14',6,66,6.99,0.14,27,64,1),(171,'2020-01-14',6,100,2.13,0.07,26,64,1),(172,'2020-01-14',7,100,3.02,0.09,25,64,1),(173,'2020-01-15',2,1,1.71,0.00,5,NULL,1),(174,'2020-01-15',2,1,0.01,0.00,2,NULL,2),(175,'2020-01-15',6,3,24.35,0.02,21,65,1),(176,'2020-01-15',6,5,2.86,0.00,25,65,1),(177,'2020-01-15',7,10,8.70,0.03,9,65,1),(178,'2020-01-15',6,36,13.00,0.15,20,65,1),(179,'2020-01-15',7,66,7.08,0.14,27,65,1),(180,'2020-01-16',6,1,2.93,0.00,25,66,1),(181,'2020-01-16',6,12,17.98,0.06,19,66,1),(182,'2020-01-16',7,100,2.16,0.06,26,66,1),(183,'2020-01-17',6,1,2.85,0.00,25,67,1),(184,'2020-01-17',7,12,18.20,0.06,19,67,1),(185,'2020-01-17',6,16,13.38,0.06,20,67,1),(186,'2020-01-21',6,1,2.02,0.00,26,68,1),(187,'2020-01-21',6,2,2.78,0.00,25,68,1),(188,'2020-01-21',7,3,24.53,0.02,21,68,1),(189,'2020-01-21',6,5,13.46,0.02,20,68,1),(190,'2020-01-22',7,1,2.06,0.00,26,69,1),(191,'2020-01-24',6,2,1.07,0.00,18,70,1),(192,'2020-01-31',6,1,8.00,0.00,9,71,1),(193,'2020-01-31',1,1,1200.00,0.00,NULL,NULL,1),(194,'2020-01-31',6,2,39.63,0.02,28,71,1),(195,'2020-01-31',6,2,20.29,0.01,22,71,1),(196,'2020-01-31',6,2,56.37,0.03,29,71,1),(197,'2020-01-31',6,2,50.91,0.03,30,71,1),(198,'2020-01-31',6,3,11.58,0.01,20,71,1),(199,'2020-01-31',6,5,8.29,0.01,9,71,1),(200,'2020-01-31',6,5,17.30,0.03,19,71,1),(201,'2020-01-31',6,5,14.72,0.02,8,71,1),(202,'2020-01-31',6,5,41.02,0.07,31,71,1),(203,'2020-01-31',6,10,4.00,0.01,2,71,1),(204,'2020-01-31',6,10,11.75,0.04,1,71,1),(205,'2020-01-31',6,40,6.35,0.08,27,71,1),(206,'2020-02-03',6,1,2.43,0.00,25,72,1),(207,'2020-02-03',7,1,6.65,0.00,27,72,1),(208,'2020-02-03',6,4,8.16,0.01,9,72,1),(209,'2020-02-03',6,5,16.97,0.02,19,72,1),(210,'2020-02-03',6,5,14.41,0.03,8,72,1),(211,'2020-02-03',6,8,0.98,0.00,18,72,1),(212,'2020-02-03',7,39,6.65,0.07,27,72,1),(213,'2020-02-04',9,1,6.36,0.01,5,73,1),(214,'2020-02-04',7,2,21.23,0.01,22,73,1),(215,'2020-02-04',7,2,57.90,0.03,29,73,1),(216,'2020-02-04',6,4,49.19,0.05,23,73,1),(217,'2020-02-05',6,2,47.87,0.02,23,74,1),(218,'2020-02-05',7,2,53.47,0.03,30,74,1),(219,'2020-02-06',6,1,32.58,0.00,12,75,1),(220,'2020-02-07',6,1,21.19,0.01,32,76,1),(221,'2020-02-07',7,5,42.98,0.06,31,76,1),(222,'2020-02-07',6,9,21.06,0.05,32,76,1),(223,'2020-02-10',6,2,14.38,0.01,8,77,1),(224,'2020-02-10',7,2,47.72,0.03,28,77,1),(225,'2020-02-10',6,10,14.71,0.04,8,77,1),(226,'2020-02-10',7,10,17.30,0.05,19,77,1),(227,'2020-02-11',1,1,100.00,0.00,NULL,NULL,1),(228,'2020-02-12',6,5,44.74,0.07,31,78,1),(229,'2020-02-12',7,10,21.65,0.07,32,78,1),(230,'2020-02-12',7,22,14.96,0.09,8,78,1),(231,'2020-02-12',6,40,7.86,0.10,9,78,1),(232,'2020-02-13',6,1,100.00,0.03,5,79,1),(233,'2020-02-13',6,2,7.70,0.00,9,79,1),(234,'2020-02-14',2,1,1.71,0.00,5,NULL,1),(235,'2020-02-14',2,1,0.80,0.00,1,NULL,1),(236,'2020-02-14',2,1,0.12,0.00,2,NULL,1),(237,'2020-02-14',2,1,0.01,0.00,2,NULL,2),(238,'2020-02-17',6,2,6.30,0.00,27,80,1),(239,'2020-02-17',7,10,1.02,0.00,18,80,1),(240,'2020-02-19',7,1,33.28,0.01,12,81,1),(241,'2020-02-19',6,4,8.04,0.00,9,81,1),(242,'2020-02-26',7,5,48.20,0.06,31,82,1),(243,'2020-02-27',6,10,3.84,0.01,2,83,1),(244,'2020-02-27',6,14,14.62,0.05,8,83,1),(245,'2020-03-06',2,1,0.90,0.00,1,NULL,1),(246,'2020-03-06',3,1,0.33,0.00,16,NULL,1),(247,'2020-03-09',6,1,0.81,0.00,18,84,1),(248,'2020-03-10',7,1,0.85,0.00,18,85,1),(249,'2020-03-10',1,1,1000.00,0.00,NULL,NULL,1),(250,'2020-03-10',1,1,38.93,0.00,NULL,NULL,1),(251,'2020-03-10',6,14,10.83,0.05,20,85,1),(252,'2020-03-10',6,20,10.35,0.06,8,85,1),(253,'2020-03-10',6,36,10.83,0.12,20,85,1),(254,'2020-03-10',6,55,5.29,0.08,9,85,1),(255,'2020-03-11',4,1,0.83,0.00,31,NULL,1),(256,'2020-03-13',2,1,0.09,0.00,5,NULL,1),(257,'2020-03-13',2,1,2.12,0.00,5,NULL,1),(258,'2020-03-13',2,1,0.23,0.00,2,NULL,1),(259,'2020-03-13',2,1,0.01,0.00,2,NULL,2),(260,'2020-03-16',6,1,3.17,0.00,2,86,1),(261,'2020-04-13',1,1,256.89,0.00,NULL,NULL,1),(262,'2020-04-13',6,51,5.05,0.07,8,87,1),(263,'2020-04-14',6,1,0.52,0.00,33,88,1),(264,'2020-04-14',2,1,0.80,0.00,1,NULL,1),(265,'2020-04-15',2,1,2.00,0.00,5,NULL,1),(266,'2020-04-15',2,1,0.29,0.00,2,NULL,1),(267,'2020-04-15',2,1,0.01,0.00,2,NULL,2),(268,'2020-04-27',7,1,0.38,0.00,33,89,1),(269,'2020-04-28',6,1,10.00,0.00,1,90,1),(270,'2020-04-28',6,3,4.25,0.00,9,90,1),(271,'2020-04-28',6,4,10.00,0.01,1,90,1),(272,'2020-04-28',6,13,19.42,0.08,23,90,1),(273,'2020-04-28',7,25,8.39,0.06,8,90,1),(274,'2020-04-28',7,60,8.39,0.15,8,90,1),(275,'2020-04-28',6,94,4.25,0.13,9,90,1),(276,'2020-05-11',10,1,0.20,0.00,34,91,1),(278,'2020-05-15',2,1,2.00,0.00,5,NULL,1),(279,'2020-05-15',2,1,1.05,0.00,1,NULL,1),(280,'2020-05-15',2,1,0.16,0.00,2,NULL,1),(281,'2020-05-20',6,1,4.16,0.00,9,92,1),(282,'2020-05-25',7,19,28.80,0.17,23,93,1),(283,'2020-05-25',6,26,4.34,0.03,9,93,1),(284,'2020-05-25',6,100,4.34,0.13,9,93,1),(285,'2020-05-28',7,26,4.69,0.04,9,94,1),(286,'2020-05-28',7,100,4.69,0.13,9,94,1),(287,'2020-05-29',6,1,9.02,0.00,16,95,1),(288,'2020-05-29',6,1,4.50,0.00,9,95,1),(289,'2020-05-29',6,10,9.02,0.04,16,95,1),(290,'2020-05-29',6,54,9.02,0.16,16,95,1),(291,'2020-06-02',6,1,8.10,0.00,35,96,1),(292,'2020-06-02',7,9,9.32,0.03,16,96,1),(293,'2020-06-02',7,10,5.38,0.02,9,96,1),(294,'2020-06-02',6,50,11.96,0.18,19,96,1),(295,'2020-06-02',7,56,9.32,0.16,16,96,1),(296,'2020-06-02',6,93,12.13,0.34,19,96,1),(297,'2020-06-02',7,200,5.38,0.33,9,96,1),(298,'2020-06-03',7,1,8.92,0.00,35,97,1),(299,'2020-06-04',6,1,1.70,0.00,25,98,1),(300,'2020-06-04',6,1,1.70,0.00,25,98,1),(301,'2020-06-04',6,1,1.69,0.00,25,98,1),(302,'2020-06-04',6,1,60.30,0.02,29,98,1),(303,'2020-06-04',6,3,60.30,0.06,29,98,1),(304,'2020-06-04',6,4,2.05,0.00,24,98,1),(305,'2020-06-04',6,5,89.80,0.14,5,98,1),(306,'2020-06-04',6,6,6.02,0.01,9,98,1),(307,'2020-06-04',6,9,3.37,0.01,2,98,1),(308,'2020-06-04',6,10,1.69,0.01,25,98,1),(309,'2020-06-04',6,12,1.71,0.01,25,98,1),(310,'2020-06-04',7,12,12.10,0.04,19,98,1),(311,'2020-06-04',6,15,10.92,0.05,1,98,1),(312,'2020-06-04',6,15,1.70,0.01,25,98,1),(313,'2020-06-04',6,25,60.37,0.46,29,98,1),(314,'2020-06-04',7,31,12.10,0.11,19,98,1),(315,'2020-06-04',6,38,3.20,0.04,27,98,1),(316,'2020-06-04',7,50,12.92,0.20,20,98,1),(317,'2020-06-04',6,100,10.49,0.32,36,98,1),(318,'2020-06-04',7,100,12.92,0.39,20,98,1),(319,'2020-06-04',7,100,12.10,0.37,19,98,1),(320,'2020-06-05',6,2,6.30,0.00,9,99,1),(321,'2020-06-05',7,5,2.90,0.00,24,99,1),(322,'2020-06-08',6,2,45.38,0.03,31,100,1),(323,'2020-06-08',6,3,6.27,0.01,9,100,1),(324,'2020-06-08',6,23,45.40,0.31,31,100,1),(325,'2020-06-08',7,100,11.54,0.35,36,100,1),(326,'2020-06-09',6,1,6.30,0.00,9,101,1),(327,'2020-06-09',6,9,10.42,0.02,16,101,1),(328,'2020-06-09',7,50,2.00,0.03,25,101,1),(329,'2020-06-10',6,2,21.25,0.01,38,102,1),(330,'2020-06-10',6,9,15.36,0.04,8,102,1),(331,'2020-06-10',7,15,3.60,0.02,27,102,1),(332,'2020-06-10',7,25,3.60,0.03,27,102,1),(333,'2020-06-10',7,29,63.60,0.57,29,102,1),(334,'2020-06-10',6,31,21.25,0.20,38,102,1),(335,'2020-06-10',6,100,11.48,0.35,37,102,1),(336,'2020-06-15',2,1,4.00,0.00,5,NULL,1),(337,'2020-06-15',2,1,1.05,0.00,1,NULL,1),(338,'2020-06-15',2,1,0.04,0.00,2,NULL,1),(339,'2020-06-19',6,8,10.33,0.02,16,103,1),(340,'2020-06-19',7,12,6.80,0.02,9,103,1),(341,'2020-06-22',6,1,1.98,0.00,43,104,1),(342,'2020-06-24',7,1,2.23,0.00,43,105,1),(343,'2020-06-24',7,25,46.49,0.36,31,105,1),(344,'2020-06-24',6,100,11.64,0.35,36,105,1),(345,'2020-06-30',7,33,21.77,0.22,38,106,1),(346,'2020-06-30',6,100,7.18,0.21,9,106,1),(347,'2020-07-01',4,1,1.30,0.00,16,NULL,1),(348,'2020-07-01',7,9,15.92,0.04,8,107,1),(349,'2020-07-01',6,100,2.29,0.07,25,107,1),(350,'2020-07-01',6,100,4.88,0.15,39,107,1),(351,'2020-07-01',7,100,7.68,0.23,9,107,1),(352,'2020-07-02',6,19,10.00,0.05,16,108,1),(353,'2020-07-03',6,25,9.96,0.07,16,109,1),(354,'2020-07-03',7,100,2.51,0.07,25,109,1),(355,'2020-07-06',6,1,8.29,0.00,35,110,1),(356,'2020-07-06',7,6,10.28,0.02,16,110,1),(357,'2020-07-06',7,21,10.28,0.06,16,110,1),(358,'2020-07-06',6,26,23.87,0.18,42,110,1),(359,'2020-07-06',7,34,10.28,0.11,16,110,1),(360,'2020-07-07',7,1,8.31,0.00,35,111,1),(361,'2020-07-07',6,6,9.43,0.02,9,111,1),(362,'2020-07-07',7,26,24.08,0.18,42,111,1),(363,'2020-07-07',6,61,9.43,0.17,9,111,1),(364,'2020-07-08',6,2,3.89,0.00,27,112,1),(365,'2020-07-08',7,100,5.04,0.15,39,112,1),(366,'2020-07-09',6,1,16.46,0.00,8,113,1),(367,'2020-07-09',7,2,4.17,0.00,27,113,1),(368,'2020-07-09',6,6,28.90,0.06,40,113,1),(369,'2020-07-09',6,33,9.63,0.09,9,113,1),(370,'2020-07-13',7,1,18.06,0.01,8,114,1),(371,'2020-07-13',7,100,9.69,0.29,9,114,1),(372,'2020-07-14',2,1,4.00,0.00,5,NULL,1),(373,'2020-07-14',2,1,2.10,0.00,1,NULL,1),(374,'2020-07-14',6,5,16.56,0.03,17,115,1),(375,'2020-07-14',6,100,9.11,0.30,36,115,1),(376,'2020-07-15',2,1,0.16,0.00,2,NULL,1),(377,'2020-07-15',7,5,16.87,0.02,17,116,1),(378,'2020-07-16',6,15,10.24,0.05,9,117,1),(380,'2020-07-16',10,35,1.92,0.01,41,117,1),(381,'2020-07-16',6,79,10.18,0.24,9,117,1),(382,'2020-07-16',6,100,10.18,0.31,9,117,1),(383,'2020-07-16',7,200,9.13,0.56,36,117,1),(384,'2020-07-20',6,1,80.94,0.02,44,118,1),(385,'2020-07-20',7,10,87.92,0.27,5,118,1),(386,'2020-07-20',6,11,80.94,0.27,44,118,1),(387,'2020-07-20',7,30,3.17,0.03,2,118,1),(388,'2020-07-21',6,2,2.45,0.00,43,119,1),(389,'2020-07-27',6,6,9.34,0.02,9,120,1),(390,'2020-07-27',7,6,28.94,0.05,40,120,1),(391,'2020-07-27',6,8,13.82,0.03,19,120,1),(392,'2020-07-28',1,1,528.00,0.00,NULL,NULL,1),(393,'2020-07-28',6,2,2.04,0.00,18,121,1),(394,'2020-07-28',7,2,2.27,0.00,43,121,1),(395,'2020-07-28',6,4,2.23,0.00,24,121,1),(396,'2020-07-28',6,13,2.00,0.01,18,121,1),(397,'2020-07-28',6,52,2.00,0.03,18,121,1),(398,'2020-07-28',6,95,2.04,0.05,18,121,1),(399,'2020-07-28',6,100,2.03,0.06,18,121,1),(400,'2020-08-10',8,1,10.44,0.00,44,NULL,1),(401,'2020-08-10',2,1,9.00,0.00,44,NULL,1),(402,'2020-08-10',6,2,8.37,0.00,9,122,1),(403,'2020-08-11',6,1,13.20,0.00,19,123,1),(404,'2020-08-11',7,2,2.45,0.00,24,123,1),(405,'2020-08-11',7,2,2.45,0.00,24,123,1),(406,'2020-08-14',2,1,2.10,0.00,1,NULL,1),(407,'2020-08-24',6,1,1.70,0.00,18,124,1),(408,'2020-08-28',6,1,2.24,0.00,43,125,1),(409,'2020-08-28',4,1,15.91,0.00,9,NULL,1),(410,'2020-08-28',6,2,7.43,0.00,9,125,1),(411,'2020-09-09',8,1,7.20,0.00,44,NULL,1),(412,'2020-09-09',2,1,9.00,0.00,44,NULL,1),(413,'2020-09-09',6,2,1.99,0.00,43,126,1),(414,'2020-09-09',6,6,1.87,0.00,18,126,1),(415,'2020-09-15',6,1,1.85,0.00,18,127,1),(416,'2020-09-15',2,1,2.10,0.00,1,NULL,1),(417,'2020-10-08',8,1,6.48,0.00,44,NULL,1),(418,'2020-10-08',2,1,9.00,0.00,44,NULL,1),(419,'2020-10-09',6,2,8.08,0.00,9,128,1),(420,'2020-10-14',7,3,2.12,0.00,43,129,1),(421,'2020-10-14',6,4,1.67,0.00,18,129,1),(422,'2020-10-15',6,1,2.15,0.00,24,130,1),(423,'2020-10-15',2,1,2.10,0.00,1,NULL,1),(424,'2020-10-16',6,1,1.62,0.00,18,131,1),(425,'2020-10-16',7,1,2.34,0.00,24,131,1),(426,'2020-10-19',6,1,1.26,0.00,45,132,1),(427,'2020-10-19',4,1,13.69,0.00,9,NULL,1),(428,'2020-10-19',6,8,1.65,0.00,18,132,1),(429,'2020-10-21',7,1,1.42,0.00,45,133,1),(430,'2020-10-26',7,9,13.89,0.03,19,134,1),(431,'2020-10-26',6,13,7.31,0.02,9,134,1),(432,'2020-10-26',6,17,1.63,0.01,18,134,1),(433,'2020-10-28',6,2,1.91,0.00,43,135,1),(434,'2020-11-06',7,2,2.00,0.00,43,136,1),(435,'2020-11-10',8,1,6.48,0.00,44,NULL,1),(436,'2020-11-10',2,1,9.00,0.00,44,NULL,1),(437,'2020-11-10',6,2,7.70,0.00,9,137,1),(438,'2020-11-16',2,1,1.80,0.00,1,NULL,1),(439,'2020-11-19',6,1,3.73,0.00,39,138,1),(440,'2020-11-20',7,1,3.97,0.00,39,139,1),(441,'2020-11-24',6,7,0.85,0.00,46,140,1),(442,'2020-11-26',6,1,24.25,0.01,29,141,1),(443,'2020-11-26',6,9,7.56,0.02,9,141,1),(444,'2020-11-26',6,70,7.56,0.16,9,141,1),(445,'2020-11-26',7,300,2.08,0.19,18,141,1),(446,'2020-11-27',6,1,2.20,0.00,43,142,1),(447,'2020-12-03',7,1,2.24,0.00,43,143,1),(448,'2020-12-04',7,1,0.95,0.00,46,144,1),(449,'2020-12-04',7,2,0.95,0.00,46,144,1),(450,'2020-12-04',7,4,0.95,0.00,46,144,1),(451,'2020-12-07',6,6,1.42,0.00,46,145,1),(452,'2020-12-08',8,1,6.48,0.00,44,NULL,1),(453,'2020-12-08',2,1,8.40,0.00,44,NULL,1),(454,'2020-12-08',6,9,1.70,0.00,46,146,1),(455,'2020-12-11',6,1,11.33,0.00,16,147,1),(456,'2020-12-11',3,1,6.12,0.00,19,NULL,1),(457,'2020-12-11',6,2,11.42,0.01,16,147,1),(458,'2020-12-11',6,4,75.80,0.09,44,147,1),(459,'2020-12-11',7,15,1.65,0.01,46,147,1),(460,'2020-12-11',7,30,10.28,0.09,1,147,1),(461,'2020-12-14',2,1,1.80,0.00,1,NULL,1),(462,'2020-12-21',7,1,24.85,0.00,29,148,1),(463,'2020-12-21',6,2,13.20,0.01,11,148,1),(464,'2020-12-23',6,1,28.08,0.01,38,149,1),(465,'2020-12-23',7,2,13.48,0.00,11,149,1),(466,'2020-12-28',7,3,11.78,0.00,16,150,1),(467,'2020-12-29',6,1,20.06,0.00,47,151,1),(468,'2020-12-30',7,1,20.47,0.00,47,152,1),(469,'2020-12-30',6,3,11.73,0.01,16,152,1),(470,'2021-01-04',6,1,20.08,0.00,47,175,1),(471,'2021-01-04',7,1,28.50,0.01,38,175,1),(472,'2021-01-05',7,1,20.33,0.00,47,176,1),(473,'2021-01-05',6,2,13.05,0.01,48,176,1),(474,'2021-01-07',6,3,12.55,0.01,48,177,1),(475,'2021-01-07',7,3,12.00,0.01,16,177,1),(476,'2021-01-08',8,1,6.24,0.00,44,NULL,1),(477,'2021-01-08',2,1,19.84,0.00,44,NULL,1),(478,'2021-01-08',6,2,13.08,0.01,11,178,1),(479,'2021-01-08',7,5,13.13,0.01,48,178,1),(480,'2021-01-11',6,4,15.18,0.01,8,179,1),(481,'2021-01-13',6,1,7.14,0.00,9,180,1),(482,'2021-01-14',3,1,6.98,0.00,20,NULL,1),(483,'2021-01-14',6,2,13.55,0.01,48,181,1),(484,'2021-01-14',7,2,13.50,0.00,11,181,1),(485,'2021-01-29',6,3,2.12,0.00,18,182,1),(486,'2021-02-01',7,3,2.23,0.00,18,183,1),(487,'2021-02-03',6,3,2.33,0.00,43,184,1),(488,'2021-02-03',7,4,15.25,0.01,8,184,1),(489,'2021-02-04',6,3,2.33,0.00,43,185,1),(490,'2021-02-04',6,5,10.85,0.01,16,185,1),(491,'2021-02-05',6,1,12.46,0.00,11,186,1),(492,'2021-02-05',7,6,2.41,0.00,43,186,1),(493,'2021-02-08',8,1,8.80,0.00,44,NULL,1),(494,'2021-02-08',2,1,13.76,0.00,44,NULL,1),(495,'2021-02-08',6,10,2.10,0.00,18,187,1),(496,'2021-02-10',6,1,2.10,0.00,18,188,1),(497,'2021-03-08',8,1,8.80,0.00,44,NULL,1),(498,'2021-03-08',2,1,14.08,0.00,44,NULL,1),(499,'2021-03-08',6,2,11.20,0.00,49,189,1),(500,'2021-03-09',6,1,1.80,0.00,18,190,1),(501,'2021-03-11',6,1,11.04,0.00,49,191,1),(502,'2021-03-11',7,1,12.50,0.00,11,191,1),(503,'2021-04-01',4,1,0.10,0.00,16,NULL,1),(504,'2021-04-08',6,1,10.10,0.00,16,153,1),(505,'2021-04-08',8,1,171.20,0.00,44,NULL,1),(506,'2021-04-08',2,1,82.40,0.00,44,NULL,1),(507,'2021-04-08',6,2,10.10,0.01,16,153,1),(508,'2021-04-08',6,3,10.10,0.01,16,153,1),(509,'2021-04-08',6,6,10.10,0.01,16,153,1),(510,'2021-04-08',6,13,10.10,0.04,16,153,1),(511,'2021-04-12',6,1,11.02,0.00,49,154,1),(512,'2021-04-12',4,1,63.32,0.00,9,NULL,1),(513,'2021-04-12',6,2,1.94,0.00,18,154,1),(514,'2021-04-12',6,10,5.00,0.01,50,154,1),(515,'2021-04-14',6,4,1.78,0.00,18,155,1),(516,'2021-04-14',7,30,10.32,0.09,16,155,1),(517,'2021-04-14',6,65,4.65,0.09,50,155,1),(518,'2021-04-15',2,1,0.18,0.00,49,NULL,1),(519,'2021-04-27',6,26,2.41,0.01,25,156,1),(520,'2021-04-30',6,4,6.83,0.01,9,157,1),(521,'2021-04-30',6,4,41.48,0.05,40,157,1),(522,'2021-04-30',6,25,41.48,0.30,40,157,1),(523,'2021-04-30',7,26,2.60,0.02,25,157,1),(524,'2021-04-30',7,100,11.64,0.35,37,157,1),(525,'2021-05-03',6,1,40.37,0.01,51,158,1),(526,'2021-05-03',1,1,50.00,0.00,NULL,NULL,1),(527,'2021-05-10',2,1,9.28,0.00,44,NULL,1),(528,'2021-05-10',6,5,1.77,0.00,18,159,1),(529,'2021-05-12',7,1,0.00,0.00,2,3,2),(530,'2021-05-14',4,1,7.50,0.00,42,NULL,1),(531,'2021-05-14',2,1,0.40,0.00,49,NULL,1),(532,'2021-05-17',9,1,10.27,0.00,49,NULL,1),(533,'2021-05-17',6,5,1.58,0.00,18,160,1),(534,'2021-05-25',6,1,4.06,0.00,39,161,1),(535,'2021-05-25',6,1,4.06,0.00,39,161,1),(536,'2021-05-25',4,1,9.13,0.00,37,NULL,1),(537,'2021-05-25',6,5,4.06,0.01,39,161,1),(538,'2021-05-25',6,6,1.55,0.00,18,161,1),(539,'2021-05-25',6,9,4.06,0.01,39,161,1),(540,'2021-05-25',6,10,4.06,0.01,39,161,1),(541,'2021-05-25',6,13,4.06,0.02,39,161,1),(542,'2021-05-25',6,13,4.06,0.02,39,161,1),(543,'2021-05-25',6,16,4.06,0.02,39,161,1),(544,'2021-05-25',6,20,4.06,0.02,39,161,1),(545,'2021-05-25',7,75,4.76,0.10,50,161,1),(546,'2021-05-27',6,1,1.58,0.00,18,162,1),(547,'2021-05-27',6,1,2.69,0.00,24,162,1),(548,'2021-05-27',4,1,47.30,0.00,40,NULL,1),(549,'2021-05-27',4,1,33.80,0.00,40,NULL,1),(550,'2021-05-27',3,1,4.65,0.00,40,NULL,1),(551,'2021-05-27',6,2,15.55,0.01,52,162,1),(552,'2021-05-27',6,12,4.15,0.01,39,162,1),(553,'2021-05-31',6,1,23.40,0.01,55,163,1),(554,'2021-05-31',7,2,16.00,0.01,52,163,1),(555,'2021-05-31',6,6,33.55,0.06,53,163,1),(556,'2021-05-31',6,6,33.55,0.05,53,163,1),(557,'2021-05-31',7,100,4.20,0.12,39,163,1),(558,'2021-06-01',7,1,23.44,0.01,55,164,1),(559,'2021-06-01',7,1,40.52,0.01,51,164,1),(560,'2021-06-01',1,1,50.00,0.00,NULL,NULL,1),(561,'2021-06-01',6,2,48.09,0.02,44,164,1),(562,'2021-06-01',6,2,1.53,0.00,18,164,1),(563,'2021-06-02',6,2,18.77,0.01,56,165,1),(564,'2021-06-02',6,2,1.62,0.00,18,165,1),(565,'2021-06-04',7,1,2.80,0.00,24,166,1),(566,'2021-06-08',6,1,10.58,0.00,49,167,1),(567,'2021-06-08',6,1,1.64,0.00,18,167,1),(568,'2021-06-08',2,1,9.60,0.00,44,NULL,1),(569,'2021-06-10',6,1,12.10,0.00,16,168,1),(570,'2021-06-10',7,2,19.15,0.01,56,168,1),(571,'2021-06-10',6,3,12.10,0.01,16,168,1),(572,'2021-06-10',6,3,1.60,0.00,18,168,1),(573,'2021-06-10',6,11,37.80,0.13,57,168,1),(574,'2021-06-10',7,12,36.00,0.13,53,168,1),(575,'2021-06-11',7,11,38.43,0.12,57,169,1),(576,'2021-06-11',6,14,28.23,0.12,58,169,1),(577,'2021-06-14',6,4,1.60,0.00,18,170,1),(578,'2021-06-14',7,14,29.30,0.12,58,170,1),(579,'2021-06-14',6,29,14.90,0.13,8,170,1),(580,'2021-06-15',2,1,0.03,0.00,49,NULL,1),(581,'2021-06-15',2,1,0.35,0.00,49,NULL,1),(582,'2021-06-15',4,1,0.47,0.00,51,NULL,1),(583,'2021-06-15',3,1,1.45,0.00,51,NULL,1),(584,'2021-06-16',7,1,10.26,0.00,49,171,1),(585,'2021-06-16',7,5,10.26,0.01,49,171,1),(586,'2021-06-17',6,2,1.54,0.00,18,172,1),(587,'2021-06-17',7,5,15.05,0.02,8,172,1),(588,'2021-06-17',6,6,9.00,0.02,59,172,1),(589,'2021-06-17',7,24,15.05,0.10,8,172,1),(590,'2021-06-17',6,50,8.86,0.13,59,172,1),(591,'2021-06-18',6,10,11.65,0.03,16,173,1),(592,'2021-06-18',6,34,11.65,0.12,16,173,1),(593,'2021-06-18',7,56,9.17,0.15,59,173,1),(594,'2021-06-21',6,7,1.55,0.00,18,174,1),(595,'2021-06-21',6,14,39.50,0.16,40,174,1),(596,'2021-06-21',7,48,11.75,0.17,16,174,1),(597,'2021-07-01',1,1,50.00,0.00,NULL,NULL,1),(598,'2021-07-01',6,4,11.80,0.01,48,192,1),(599,'2021-07-08',6,1,2.50,0.00,25,193,1),(600,'2021-07-08',2,1,45.36,0.00,44,NULL,1),(601,'2021-07-08',6,4,11.45,0.01,48,193,1),(602,'2021-07-19',6,1,102.00,0.02,60,194,1),(603,'2021-07-19',1,1,109.00,0.00,NULL,NULL,1),(604,'2021-07-19',6,4,1.50,0.00,18,194,1),(605,'2021-07-21',6,3,1.30,0.00,18,195,1),(606,'2021-07-22',6,1,2.41,0.00,25,196,1),(607,'2021-07-22',6,8,4.35,0.00,24,196,1),(608,'2021-07-29',1,1,50.00,0.00,NULL,NULL,1),(609,'2021-07-29',6,4,10.25,0.01,1,197,1),(610,'2021-07-29',6,7,1.22,0.00,18,197,1),(611,'2021-08-09',6,1,10.05,0.00,1,198,1),(612,'2021-08-09',2,1,10.80,0.00,44,NULL,1),(613,'2021-08-13',2,1,0.28,0.00,1,NULL,1),(614,'2021-08-13',2,1,0.93,0.00,60,NULL,1),(615,'2021-08-18',6,2,1.01,0.00,18,199,1),(616,'2021-08-26',3,1,0.06,0.00,16,NULL,1),(617,'2021-08-26',3,1,0.08,0.00,16,NULL,1),(618,'2021-09-06',7,2,2.05,0.00,25,200,1),(619,'2021-09-06',7,5,10.00,0.01,1,200,1),(620,'2021-09-06',7,16,38.05,0.18,40,200,1),(621,'2021-09-06',7,27,38.05,0.31,40,200,1),(622,'2021-09-06',6,77,21.93,0.50,61,200,1),(623,'2021-09-08',2,1,10.80,0.00,44,NULL,1),(624,'2021-09-08',7,4,22.21,0.03,61,201,1),(625,'2021-09-08',6,8,6.16,0.01,9,201,1),(626,'2021-09-08',7,24,22.21,0.16,61,201,1),(627,'2021-09-08',7,49,22.21,0.32,61,201,1),(628,'2021-09-08',6,71,6.16,0.13,9,201,1),(629,'2021-09-08',6,100,6.16,0.19,9,201,1),(630,'2021-09-08',6,100,6.16,0.18,9,201,1),(631,'2021-09-10',7,1,96.95,0.03,60,202,1),(632,'2021-09-10',7,8,3.39,0.01,24,202,1),(633,'2021-09-10',7,10,9.89,0.03,48,202,1),(634,'2021-09-10',7,13,1.02,0.00,18,202,1),(635,'2021-09-10',7,18,56.65,0.29,44,202,1),(636,'2021-09-10',7,59,1.02,0.02,18,202,1),(637,'2021-09-13',7,84,6.35,0.16,9,203,1),(638,'2021-09-13',7,500,6.35,0.94,9,203,1),(639,'2021-09-15',2,1,0.40,0.00,1,NULL,1),(640,'2021-09-15',2,1,0.87,0.00,60,NULL,1),(641,'2021-09-21',6,3,8.13,0.00,8,204,1),(642,'2021-11-25',4,1,51.75,0.00,37,NULL,1),(643,'2021-11-25',6,5,9.96,0.01,1,205,1),(644,'2021-12-14',2,1,0.40,0.00,1,NULL,1),(645,'2021-12-27',6,1,4.62,0.00,8,206,1),(646,'2021-09-14',5,1,1290.00,0.00,NULL,NULL,1),(647,'2021-09-15',5,1,3710.00,0.00,NULL,NULL,1),(648,'2019-07-15',2,1,0.21,0.00,1,NULL,1),(649,'2019-07-15',2,1,0.21,0.00,2,NULL,1),(650,'2019-08-02',4,1,0.64,0.00,15,NULL,1),(651,'2019-08-14',2,1,0.30,0.00,2,NULL,1),(652,'2019-08-14',2,1,0.57,0.00,5,NULL,1),(653,'2019-08-23',4,1,2.38,0.00,16,NULL,1),(654,'2019-09-13',2,1,0.57,0.00,5,NULL,1),(655,'2019-09-13',2,1,0.31,0.00,2,NULL,1),(656,'2019-10-01',4,1,0.32,0.00,16,NULL,1),(657,'2019-10-14',2,1,1.71,0.00,5,NULL,1),(658,'2019-11-14',2,1,1.59,0.00,5,NULL,1),(659,'2019-12-12',2,1,1.59,0.00,5,NULL,1),(660,'2020-02-13',12,1,91.39,0.00,5,NULL,1),(661,'2020-12-15',11,1,0.01,0.00,NULL,NULL,1),(662,'2021-04-27',1,1,61.36,0.00,NULL,NULL,1),(663,'2021-07-21',1,1,40.00,0.00,NULL,NULL,1),(664,'2022-01-10',1,1,148.04,0.00,NULL,NULL,1),(665,'2022-01-10',6,1,4.07,0.00,8,207,1),(666,'2022-01-10',6,15,9.50,0.03,62,207,1),(667,'2022-01-28',6,10,9.10,0.02,1,208,1),(668,'2022-01-31',6,3,4.65,0.00,8,209,1),(669,'2022-01-14',2,1,0.45,0.00,1,NULL,1),(670,'2022-01-28',1,1,90.00,0.00,NULL,NULL,1),(671,'2022-01-31',1,1,13.00,0.00,NULL,NULL,1),(672,'2022-02-14',2,1,1.35,0.00,1,NULL,1),(673,'2022-02-14',2,1,1.65,0.00,62,NULL,1),(674,'2022-03-15',2,1,1.35,0.00,1,NULL,1),(675,'2022-03-21',3,1,0.28,0.00,17,NULL,1),(676,'2022-04-07',2,1,1.40,0.00,65,NULL,1),(677,'2022-04-14',2,1,1.50,0.00,1,NULL,1),(678,'2022-05-06',2,1,1.56,0.00,65,NULL,1),(679,'2022-05-13',2,1,1.65,0.00,1,NULL,1),(680,'2022-06-07',2,1,2.10,0.00,65,NULL,1),(681,'2022-06-14',2,1,1.65,0.00,1,NULL,1),(682,'2022-07-07',2,1,0.26,0.00,65,NULL,1),(683,'2022-07-07',2,1,1.95,0.00,65,NULL,1),(684,'2022-07-14',2,1,1.50,0.00,1,NULL,1),(685,'2022-07-14',2,1,1.40,0.00,62,NULL,1),(686,'2022-08-05',2,1,2.40,0.00,65,NULL,1),(687,'2022-08-12',2,1,1.80,0.00,1,NULL,1),(688,'2022-08-12',2,1,0.77,0.00,62,NULL,1),(689,'2022-09-08',2,1,2.40,0.00,65,NULL,1),(690,'2022-09-15',2,1,1.65,0.00,1,NULL,1),(691,'2022-09-15',2,1,1.68,0.00,62,NULL,1),(692,'2022-10-07',2,1,1.80,0.00,65,NULL,1),(693,'2022-10-17',2,1,1.33,0.00,62,NULL,1),(694,'2022-10-17',2,1,1.50,0.00,1,NULL,1),(695,'2022-11-08',2,1,2.70,0.00,65,NULL,1),(696,'2022-11-16',2,1,1.68,0.00,62,NULL,1),(697,'2022-11-16',2,1,1.50,0.00,1,NULL,1),(698,'2022-12-07',2,1,3.00,0.00,65,NULL,1),(699,'2022-12-14',2,1,1.54,0.00,62,NULL,1),(700,'2022-12-14',2,1,1.20,0.00,1,NULL,1),(701,'2022-12-14',2,1,0.15,0.00,64,NULL,1),(702,'2022-12-14',2,1,1.00,0.00,63,NULL,1),(703,'2022-04-19',1,1,5.00,0.00,NULL,NULL,1),(704,'2022-05-24',1,1,39.42,0.00,NULL,NULL,1),(705,'2022-06-07',1,1,100.00,0.00,NULL,NULL,1),(706,'2022-07-19',1,1,5.00,0.00,NULL,NULL,1),(707,'2022-08-19',1,1,21.28,0.00,NULL,NULL,1),(708,'2022-10-04',1,1,5.00,0.00,NULL,NULL,1),(709,'2022-10-04',1,1,86.40,0.00,NULL,NULL,1),(710,'2022-10-11',1,1,60000.00,0.00,NULL,NULL,1),(711,'2022-10-11',1,1,107.76,0.00,NULL,NULL,1),(712,'2022-11-04',1,1,86.40,0.00,NULL,NULL,1),(713,'2022-11-09',1,1,1000.00,0.00,NULL,NULL,1),(714,'2022-11-08',1,1,4.00,0.00,NULL,NULL,1),(715,'2022-12-07',1,1,86.40,0.00,NULL,NULL,1),(716,'2022-12-12',1,1,4.00,0.00,NULL,NULL,1),(717,'2022-12-27',1,1,2.00,0.00,NULL,NULL,1),(719,'2023-01-02',13,1,21.40,0.00,NULL,NULL,1),(720,'2022-12-14',11,1,11.41,0.00,NULL,NULL,1),(721,'2022-10-13',14,1,60107.76,0.00,NULL,NULL,1),(722,'2022-11-10',14,1,991.17,0.00,NULL,NULL,1),(723,'2022-12-14',15,1,2380.75,0.00,NULL,NULL,1),(724,'2022-03-08',6,4,32.65,0.04,53,232,1),(725,'2022-03-08',6,4,3.36,0.00,8,232,1),(726,'2022-03-08',7,15,9.54,0.04,62,232,1),(727,'2022-03-09',6,22,6.05,0.04,17,233,1),(728,'2022-03-09',7,4,34.00,0.04,53,233,1),(729,'2022-03-09',6,1,3.53,0.00,8,233,1),(730,'2022-03-24',7,22,6.85,0.05,17,210,1),(731,'2022-03-24',6,24,6.30,0.05,29,210,1),(732,'2022-03-29',7,24,6.90,0.05,29,211,1),(733,'2022-03-29',6,5,32.20,0.05,38,211,1),(734,'2022-03-30',6,17,9.90,0.05,66,212,1),(735,'2022-03-30',7,5,32.55,0.05,38,212,1),(736,'2022-03-31',7,17,10.06,0.05,66,213,1),(737,'2022-03-31',6,10,6.83,0.02,29,213,1),(738,'2022-03-31',6,10,10.39,0.04,65,213,1),(739,'2022-04-01',6,9,7.49,0.02,17,214,1),(740,'2022-04-01',7,10,7.05,0.02,29,214,1),(741,'2022-04-04',7,9,7.75,0.01,17,215,1),(742,'2022-04-05',6,6,7.60,0.01,17,216,1),(743,'2022-04-05',6,2,10.45,0.00,65,216,1),(744,'2022-04-06',6,1,3.80,0.00,8,217,1),(745,'2022-04-07',6,1,3.80,0.00,8,218,1),(746,'2022-04-26',6,2,3.09,0.00,8,219,1),(747,'2022-05-24',7,1,4.80,0.00,17,220,1),(748,'2022-05-24',7,1,4.80,0.00,17,220,1),(749,'2022-05-24',7,4,4.80,0.00,17,220,1),(750,'2022-05-24',6,3,9.84,0.01,65,220,1),(751,'2022-06-13',6,2,2.65,0.00,8,221,1),(752,'2022-07-06',6,10,9.25,0.02,62,222,1),(753,'2022-07-07',6,1,9.74,0.00,65,223,1),(754,'2022-07-19',6,1,9.18,0.00,62,224,1),(755,'2022-08-24',6,3,8.89,0.00,62,225,1),(756,'2022-10-04',6,10,9.69,0.02,65,226,1),(757,'2022-10-24',6,1,2.98,0.00,8,227,1),(758,'2022-11-04',6,1,8.76,0.00,63,228,1),(759,'2022-11-04',6,9,8.76,0.02,63,228,1),(760,'2022-11-11',6,2,8.05,0.00,64,229,1),(761,'2022-12-07',6,6,8.75,0.01,63,230,1),(762,'2022-12-07',6,4,8.75,0.01,63,230,1),(763,'2022-12-12',6,1,9.07,0.00,62,231,1),(764,'2022-12-15',5,1,2370.00,0.00,NULL,NULL,1),(765,'2022-06-02',9,1,38.92,0.00,65,NULL,1);
/*!40000 ALTER TABLE `finantial_movement` ENABLE KEYS */;
UNLOCK TABLES;

--
-- Table structure for table `finantial_movement_type`
--

DROP TABLE IF EXISTS `finantial_movement_type`;
/*!40101 SET @saved_cs_client     = @@character_set_client */;
/*!50503 SET character_set_client = utf8mb4 */;
CREATE TABLE `finantial_movement_type` (
  `id` int NOT NULL AUTO_INCREMENT,
  `description` varchar(200) COLLATE utf8mb4_unicode_ci NOT NULL,
  `movement_type` varchar(1) COLLATE utf8mb4_unicode_ci NOT NULL,
  PRIMARY KEY (`id`)
) ENGINE=InnoDB AUTO_INCREMENT=16 DEFAULT CHARSET=utf8mb4 COLLATE=utf8mb4_unicode_ci;
/*!40101 SET character_set_client = @saved_cs_client */;

--
-- Dumping data for table `finantial_movement_type`
--

LOCK TABLES `finantial_movement_type` WRITE;
/*!40000 ALTER TABLE `finantial_movement_type` DISABLE KEYS */;
INSERT INTO `finantial_movement_type` VALUES (1,'DEPOSITO CORRETORA','C'),(2,'RENDIMENTOS','C'),(3,'JUROS SOBRE CAPITAL PROPRIO','C'),(4,'DIVIDENDOS','C'),(5,'SAQUE CORRETORA','D'),(6,'OPERACAO - COMPRA','D'),(7,'OPERACAO - VENDA','C'),(8,'AMORTIZACAO ','C'),(9,'SUBSCRICAO - COMPRA','D'),(10,'SUBSCRICAO - VENDA','C'),(11,'IRRF S/ OPERACOES','D'),(12,'SUBSCRICAO - PGTO','D'),(13,'TESOURO DIRETO - TAXA SEMESTRAL ','D'),(14,'TESOURO DIRETO - COMPRA','D'),(15,'TESOURO DIRETO - VENDA','C');
/*!40000 ALTER TABLE `finantial_movement_type` ENABLE KEYS */;
UNLOCK TABLES;

--
-- Table structure for table `flyway_schema_history`
--

DROP TABLE IF EXISTS `flyway_schema_history`;
/*!40101 SET @saved_cs_client     = @@character_set_client */;
/*!50503 SET character_set_client = utf8mb4 */;
CREATE TABLE `flyway_schema_history` (
  `installed_rank` int NOT NULL,
  `version` varchar(50) COLLATE utf8mb4_unicode_ci DEFAULT NULL,
  `description` varchar(200) COLLATE utf8mb4_unicode_ci NOT NULL,
  `type` varchar(20) COLLATE utf8mb4_unicode_ci NOT NULL,
  `script` varchar(1000) COLLATE utf8mb4_unicode_ci NOT NULL,
  `checksum` int DEFAULT NULL,
  `installed_by` varchar(100) COLLATE utf8mb4_unicode_ci NOT NULL,
  `installed_on` timestamp NOT NULL DEFAULT CURRENT_TIMESTAMP,
  `execution_time` int NOT NULL,
  `success` tinyint(1) NOT NULL,
  PRIMARY KEY (`installed_rank`),
  KEY `flyway_schema_history_s_idx` (`success`)
) ENGINE=InnoDB DEFAULT CHARSET=utf8mb4 COLLATE=utf8mb4_unicode_ci;
/*!40101 SET character_set_client = @saved_cs_client */;

--
-- Dumping data for table `flyway_schema_history`
--

LOCK TABLES `flyway_schema_history` WRITE;
/*!40000 ALTER TABLE `flyway_schema_history` DISABLE KEYS */;
INSERT INTO `flyway_schema_history` VALUES (1,'1','CreateDatabase','SQL','V1__CreateDatabase.sql',-911247456,'root','2023-01-24 18:18:26',305,1),(2,'2','InsertDomainData','SQL','V2__InsertDomainData.sql',-1463754928,'root','2023-01-24 18:18:26',9,1),(3,'3','InsertBrokerList','SQL','V3__InsertBrokerList.sql',-305667111,'root','2023-01-24 18:18:26',4,1),(4,'4','InsertStockList','SQL','V4__InsertStockList.sql',155589149,'root','2023-01-24 18:18:26',13,1),(5,'5','InsertInvoices','SQL','V5__InsertInvoices.sql',-423656528,'root','2023-01-24 18:18:26',30,1),(6,'6','InsertFiancialMovements','SQL','V6__InsertFiancialMovements.sql',-1559281298,'root','2023-01-24 18:18:27',62,1),(7,'7','CreateProcedurePrecoMedio','SQL','V7__CreateProcedurePrecoMedio.sql',-1322216575,'root','2023-04-01 10:35:59',21,1),(8,'8','CreateProcedureDistribuiCusto','SQL','V8__CreateProcedureDistribuiCusto.sql',176518149,'root','2023-04-03 12:19:07',23,1);
/*!40000 ALTER TABLE `flyway_schema_history` ENABLE KEYS */;
UNLOCK TABLES;

--
-- Table structure for table `role`
--

DROP TABLE IF EXISTS `role`;
/*!40101 SET @saved_cs_client     = @@character_set_client */;
/*!50503 SET character_set_client = utf8mb4 */;
CREATE TABLE `role` (
  `id` int NOT NULL AUTO_INCREMENT,
  `description` varchar(45) COLLATE utf8mb4_unicode_ci DEFAULT NULL,
  PRIMARY KEY (`id`)
) ENGINE=InnoDB DEFAULT CHARSET=utf8mb4 COLLATE=utf8mb4_unicode_ci;
/*!40101 SET character_set_client = @saved_cs_client */;

--
-- Dumping data for table `role`
--

LOCK TABLES `role` WRITE;
/*!40000 ALTER TABLE `role` DISABLE KEYS */;
/*!40000 ALTER TABLE `role` ENABLE KEYS */;
UNLOCK TABLES;

--
-- Table structure for table `stock`
--

DROP TABLE IF EXISTS `stock`;
/*!40101 SET @saved_cs_client     = @@character_set_client */;
/*!50503 SET character_set_client = utf8mb4 */;
CREATE TABLE `stock` (
  `id` int NOT NULL AUTO_INCREMENT,
  `id_api` int DEFAULT NULL,
  `code` varchar(10) COLLATE utf8mb4_unicode_ci NOT NULL,
  `company_cnpj` varchar(18) COLLATE utf8mb4_unicode_ci NOT NULL,
  `company_name` varchar(200) COLLATE utf8mb4_unicode_ci NOT NULL,
  `holder_company_cnpj` varchar(18) COLLATE utf8mb4_unicode_ci DEFAULT NULL,
  `holder_company_name` varchar(200) COLLATE utf8mb4_unicode_ci DEFAULT NULL,
  `stock_type_id` int NOT NULL,
  PRIMARY KEY (`id`),
  UNIQUE KEY `id_api_UNIQUE` (`id_api`),
  KEY `fk_stock_stock_type_idx` (`stock_type_id`),
  CONSTRAINT `fk_stock_stock_type` FOREIGN KEY (`stock_type_id`) REFERENCES `stock_type` (`id`)
) ENGINE=InnoDB AUTO_INCREMENT=68 DEFAULT CHARSET=utf8mb4 COLLATE=utf8mb4_unicode_ci;
/*!40101 SET character_set_client = @saved_cs_client */;

--
-- Dumping data for table `stock`
--

LOCK TABLES `stock` WRITE;
/*!40000 ALTER TABLE `stock` DISABLE KEYS */;
INSERT INTO `stock` VALUES (1,1315,'MXRF11','97.521.225/0001-25','MAXI RENDA FUNDO DE INVESTIMENTO IMOBILIARIO- FII','59.281.253/0001-23','BTG PACTUAL SERVIOS FINANCEIROS S/A DTVM',2),(2,729,'FLMA11','04.141.645/0001-03','FII CONTINENTAL SQUARE FARIA LIMA','44.077.014/0001-89','BR-CAPITAL DTVM S.A.',2),(3,1624,'NVHO11','17.025.970/0001-44','FUNDO DE INVESTIMENTO IMOBILIARIO- FII NOVO HORIZONTE','45.246.410/0001-55','PLURAL S.A.BANCO MULTIPLO',2),(4,1761,'CARE11','13.584.584/0001-31','BRAZILIAN GRAVEYARD AND DEATH CARE SERVICES FUNDO DE INVESTIMENTO IMOBILIRIO- FII','00.806.535/0001-54','PLANNER CORRETORA DE VALORES SA',2),(5,1941,'BCFF11','11.026.627/0001-38','FUNDO DE INVESTIMENTO IMOBILIRIO- FII BTG PACTUAL FUNDO DE FUNDOS','59.281.253/0001-23','BTG PACTUAL SERVIOS FINANCEIROS S/A DTVM',2),(6,1368,'BRCR11','08.924.783/0001-01','FUNDO DE INVESTIMENTO IMOBILIRIO- FII BTG PACTUAL CORPORATE OFFICE FUND','59.281.253/0001-23','BTG PACTUAL SERVIOS FINANCEIROS S/A DTVM',2),(7,1738,'TIET11','04.128.563/0001-10','AES TIETE ENERGIA SA',NULL,NULL,1),(8,1284,'VIIA3','33.041.260/0652-90','VIA VAREJO S.A.',NULL,NULL,1),(9,383,'JHSF3','08.294.224/0001-65','JHSF PARTICIPACOES S.A.',NULL,NULL,1),(10,499,'POMO3','88.611.835/0001-29','MARCOPOLO S.A.',NULL,NULL,1),(11,159,'CCRO3','02.846.056/0001-97','CCR S.A.',NULL,NULL,1),(12,238,'CYRE3','73.178.600/0001-18','CYRELA BRAZIL REALTY S.A.EMPREEND E PART',NULL,NULL,1),(13,1802,'EGIE3','02.474.103/0001-19','ENGIE BRASIL ENERGIA S.A.',NULL,NULL,1),(14,461,'MYPK3','61.156.113/0001-75','IOCHPE MAXION S.A.',NULL,NULL,1),(15,1209,'QUAL3','11.992.680/0001-93','QUALICORP CONSULTORIA E CORRETORA DE SEGUROS S.A.',NULL,NULL,1),(16,376,'ITSA4','61.532.644/0001-15','ITAUSA INVESTIMENTOS ITAU S.A.',NULL,NULL,1),(17,1990,'BIDI4','00.416.968/0001-01','BANCO INTER S.A.',NULL,NULL,1),(18,1286,'OIBR3','76.535.764/0001-43','OI S.A.',NULL,NULL,1),(19,536,'ROMI3','56.720.428/0001-63','INDUSTRIAS ROMI S.A.',NULL,NULL,1),(20,144,'CARD3','01.896.779/0001-38','CSU CARDSYSTEM S.A.',NULL,NULL,1),(21,1294,'LCAM3','10.215.988/0001-60','CIA LOCAO DAS AMRICAS',NULL,NULL,1),(22,327,'GGBR4','33.611.500/0001-19','GERDAU S.A.',NULL,NULL,1),(23,1686,'PRIO3','10.629.105/0001-68','PETRO RIO S.A.',NULL,NULL,1),(24,610,'TCNO3','33.111.246/0001-90','TECNOSOLO ENGENHARIA S.A.',NULL,NULL,1),(25,94,'BOBR4','50.564.053/0001-03','BOMBRIL S.A.',NULL,NULL,1),(26,652,'TPIS3','03.014.553/0001-91','TPI- TRIUNFO PARTICIP. E INVEST. S.A.',NULL,NULL,1),(27,291,'ETER3','61.092.037/0001-81','ETERNIT S.A.',NULL,NULL,1),(28,2072,'CNTO3','13.217.485/0001-11','GRUPO SBF SA',NULL,NULL,1),(29,1183,'MGLU3','47.960.950/0001-21','MAGAZINE LUIZA S.A.',NULL,NULL,1),(30,775,'VALE3','33.592.510/0001-54','VALE S.A.',NULL,NULL,1),(31,704,'WEGE3','84.429.695/0001-11','WEG S.A.',NULL,NULL,1),(32,2795,'LWSA3','02.351.877/0001-52','LOCAWEB SERVIOS DE INTERNET S.A.',NULL,NULL,1),(33,2055,'DMMO11','08.926.302/0001-05','DOMMO ENERGIA S.A.',NULL,NULL,1),(34,949,'ETER1','61.092.037/0001-81','ETERNIT S.A.',NULL,NULL,1),(35,283,'EMBR3','07.689.002/0001-89','EMBRAER S.A.',NULL,NULL,1),(36,1914,'IRBR3','33.376.989/0001-91','IRB- BRASIL RESSEGUROS S.A.',NULL,NULL,1),(37,1897,'WIZS3','42.278.473/0001-03','WIZ SOLUES E CORRETAGEM DE SEGUROS S.A.',NULL,NULL,1),(38,484,'PETR4','33.000.167/0001-01','PETROLEO BRASILEIRO S.A. PETROBRAS',NULL,NULL,1),(39,966,'CIEL3','01.027.058/0001-91','CIELO S.A.',NULL,NULL,1),(40,1327,'TAEE11','07.859.971/0001-30','TRANSMISSORA ALIANA DE ENERGIA ELTRICA S.A.',NULL,NULL,1),(41,2878,'IRBR1','33.376.989/0001-91','IRB- BRASIL RESSEGUROS S.A.',NULL,NULL,1),(42,287,'EQTL3','03.220.438/0001-73','EQUATORIAL ENERGIA S.A.',NULL,NULL,1),(43,417,'LUPA3','89.463.822/0001-12','LUPATECH S.A.',NULL,NULL,1),(44,1414,'SPTW11','15.538.445/0001-05','SP DOWNTOWN FUNDO DE INVESTIMENTO IMOBILIRIO- FII','27.652.684/0001-62','GENIAL INVESTIMENTOS CORRETORA DE VALORES MOBILIRIOS S.A.',2),(45,1925,'DMMO3','08.926.302/0001-05','DOMMO ENERGIA S.A.',NULL,NULL,1),(46,574,'SLED3','60.500.139/0001-26','SARAIVA LIVREIROS S.A.',NULL,NULL,1),(47,1867,'MOVI3','21.314.559/0001-66','MOVIDA PARTICIPACOES SA',NULL,NULL,1),(48,1005,'ECOR3','04.149.454/0001-80','ECORODOVIAS INFRAESTRUTURA E LOGSTICA S.A.',NULL,NULL,1),(49,2822,'TORD11','30.230.870/0001-18','TORDESILHAS EI FUNDO DE INVESTIMENTO IMOBILIRIO','22.610.500/0001-88','VORTX DISTRIBUIDORA DE TITULOS E VALORES MOBILIARIOS LTDA.',2),(50,2518,'EQPA3','04.895.728/0001-80','EQUATORIAL PARA DISTRIBUIDORA DE ENERGIA S.A.',NULL,NULL,1),(51,480,'PCAR3','47.508.411/0001-56','COMPANHIA BRASILEIRA DE DISTRIBUIO',NULL,NULL,1),(52,1983,'HAPV3','05.197.443/0001-38','HAPVIDA PARTICIPACOES E INVESTIMENTOS SA',NULL,NULL,1),(53,67,'BBAS3','00.000.000/0001-91','BANCO DO BRASIL S.A.',NULL,NULL,1),(55,1427,'BBSE3','17.344.597/0001-94','BB SEGURIDADE PARTICIPAES S.A.',NULL,NULL,1),(56,1545,'ABEV3','07.526.557/0001-00','AMBEV S.A.',NULL,NULL,1),(57,576,'SMTO3','51.466.860/0001-56','SAO MARTINHO S.A.',NULL,NULL,1),(58,964,'BRFS3','01.838.723/0001-27','BRF S.A.',NULL,NULL,1),(59,1044,'AMAR3','61.189.288/0001-89','MARISA LOJAS S.A.',NULL,NULL,1),(60,2517,'XPCI11','28.516.301/0001-91','XP CREDITO IMOBILIRIO- FDO INV IMOB','16.789.525/0001-98','XP VISTA ASSET MANAGEMENT LTDA',2),(61,448,'MRFG3','03.853.896/0001-40','MARFRIG GLOBAL FOODS S.A.',NULL,NULL,1),(62,NULL,'VSLH11','36.244.015/0001-42','VERSALHES RECEBVEIS IMOBILIRIOS - FUNDO DE INVESTIMENTO IMOBILIRIO','22.610.500/0001-88','VORTX DISTRIBUIDORA DE TITULOS E VALORES MOBILIARIOS LTDA',2),(63,NULL,'CYCR11','36.501.233/0001-15','CYRELA CRDITO - FUNDO DE INVESTIMENTO IMOBILIRIO','45.246.410/0001-55','BANCO GENIAL S.A',2),(64,NULL,'KISU11','36.669.660/0001-07','KILIMA FUNDO DE INVESTIMENTO EM COTAS DE FUNDOS IMOBILIRIOS SUNO 30','13.486.793/0001-42','BRL TRUST DISTRIBUIDORA DE TITULOS E VALORES MOBILIARIOS S.A',2),(65,NULL,'VGHF11','36.771.692/0001-19','VALORA HEDGE FUND FUNDO DE INVESTIMENTO IMOBILIRIO - FII','62.232.889/0001-90','BANCO DAYCOVAL S.A',2),(66,NULL,'GRND3','89.850.341/0001-60','GRENDENE S.A',NULL,NULL,1);
/*!40000 ALTER TABLE `stock` ENABLE KEYS */;
UNLOCK TABLES;

--
-- Table structure for table `stock_type`
--

DROP TABLE IF EXISTS `stock_type`;
/*!40101 SET @saved_cs_client     = @@character_set_client */;
/*!50503 SET character_set_client = utf8mb4 */;
CREATE TABLE `stock_type` (
  `id` int NOT NULL AUTO_INCREMENT,
  `description` varchar(50) COLLATE utf8mb4_unicode_ci NOT NULL,
  PRIMARY KEY (`id`)
) ENGINE=InnoDB AUTO_INCREMENT=4 DEFAULT CHARSET=utf8mb4 COLLATE=utf8mb4_unicode_ci;
/*!40101 SET character_set_client = @saved_cs_client */;

--
-- Dumping data for table `stock_type`
--

LOCK TABLES `stock_type` WRITE;
/*!40000 ALTER TABLE `stock_type` DISABLE KEYS */;
INSERT INTO `stock_type` VALUES (1,'AES'),(2,'FUNDOS IMOBILIRIOS'),(3,'TESOURO DIRETO');
/*!40000 ALTER TABLE `stock_type` ENABLE KEYS */;
UNLOCK TABLES;

--
-- Table structure for table `user`
--

DROP TABLE IF EXISTS `user`;
/*!40101 SET @saved_cs_client     = @@character_set_client */;
/*!50503 SET character_set_client = utf8mb4 */;
CREATE TABLE `user` (
  `id` int NOT NULL AUTO_INCREMENT,
  `username` varchar(200) COLLATE utf8mb4_unicode_ci DEFAULT NULL,
  `password` varchar(500) COLLATE utf8mb4_unicode_ci DEFAULT NULL,
  `account_non_expired` tinyint DEFAULT '0',
  `account_non_locked` tinyint DEFAULT '0',
  `credentials_non_expired` tinyint DEFAULT '0',
  `enabled` tinyint DEFAULT '0',
  PRIMARY KEY (`id`)
) ENGINE=InnoDB DEFAULT CHARSET=utf8mb4 COLLATE=utf8mb4_unicode_ci;
/*!40101 SET character_set_client = @saved_cs_client */;

--
-- Dumping data for table `user`
--

LOCK TABLES `user` WRITE;
/*!40000 ALTER TABLE `user` DISABLE KEYS */;
/*!40000 ALTER TABLE `user` ENABLE KEYS */;
UNLOCK TABLES;

--
-- Table structure for table `user_roles`
--

DROP TABLE IF EXISTS `user_roles`;
/*!40101 SET @saved_cs_client     = @@character_set_client */;
/*!50503 SET character_set_client = utf8mb4 */;
CREATE TABLE `user_roles` (
  `user_id` int NOT NULL,
  `role_id` int NOT NULL,
  PRIMARY KEY (`user_id`,`role_id`),
  KEY `fk_user_has_role_role1_idx` (`role_id`),
  KEY `fk_user_has_role_user1_idx` (`user_id`),
  CONSTRAINT `fk_user_has_role_role1` FOREIGN KEY (`role_id`) REFERENCES `role` (`id`),
  CONSTRAINT `fk_user_has_role_user1` FOREIGN KEY (`user_id`) REFERENCES `user` (`id`)
) ENGINE=InnoDB DEFAULT CHARSET=utf8mb4 COLLATE=utf8mb4_unicode_ci;
/*!40101 SET character_set_client = @saved_cs_client */;

--
-- Dumping data for table `user_roles`
--

LOCK TABLES `user_roles` WRITE;
/*!40000 ALTER TABLE `user_roles` DISABLE KEYS */;
/*!40000 ALTER TABLE `user_roles` ENABLE KEYS */;
UNLOCK TABLES;
/*!40103 SET TIME_ZONE=@OLD_TIME_ZONE */;

/*!40101 SET SQL_MODE=@OLD_SQL_MODE */;
/*!40014 SET FOREIGN_KEY_CHECKS=@OLD_FOREIGN_KEY_CHECKS */;
/*!40014 SET UNIQUE_CHECKS=@OLD_UNIQUE_CHECKS */;
/*!40101 SET CHARACTER_SET_CLIENT=@OLD_CHARACTER_SET_CLIENT */;
/*!40101 SET CHARACTER_SET_RESULTS=@OLD_CHARACTER_SET_RESULTS */;
/*!40101 SET COLLATION_CONNECTION=@OLD_COLLATION_CONNECTION */;
/*!40111 SET SQL_NOTES=@OLD_SQL_NOTES */;

-- Dump completed on 2023-05-18  1:16:49
